Series,Type,X,Y
1,line,22.26779296875,-9.42048425081853
1,line,22.28,-10.0148360998833
1,line,22.29220703125,-10.6292777861937
1,line,22.3044140625,-11.1729586475442
1,line,22.31955078125,-11.8061535921324
1,line,22.33224609375,-12.2742356450545
1,line,22.34396484375,-12.710627211913
1,line,22.3591015625,-13.1908124149416
1,line,22.371796875,-13.5388267269821
1,line,22.383515625,-13.8515762416244
1,line,22.39865234375,-14.1618604583259
1,line,22.41134765625,-14.3727495510779
1,line,22.42306640625,-14.5503415892909
1,line,22.43869140625,-14.7200767851981
1,line,22.4508984375,-14.8230066345265
1,line,22.46310546875,-14.8775185782882
1,line,22.47482421875,-14.8908560566813
1,line,22.4997265625,-14.7893565387493
1,line,22.52658203125,-14.4960329714524
1,line,22.55392578125,-14.0133768057602
1,line,22.57833984375,-13.405126754826
1,line,22.5934765625,-12.9646214435831
1,line,22.60568359375,-12.590108163978
1,line,22.617890625,-12.1487648595154
1,line,22.63302734375,-11.5983088287127
1,line,22.645234375,-11.1552611697132
1,line,22.65744140625,-10.6598731131085
1,line,22.672578125,-10.0447503594412
1,line,22.68478515625,-9.53352766580022
1,line,22.699921875,-8.81270087840866
1,line,22.71505859375,-8.0722168749262
1,line,22.727265625,-7.48786137066329
1,line,22.74240234375,-6.65780053980587
1,line,22.7575390625,-5.81706179948306
1,line,22.76974609375,-5.10129993153588
1,line,22.781953125,-4.3588688070146
1,line,22.79708984375,-3.40471251838023
1,line,22.809296875,-2.63549154116839
1,line,22.8337109375,-0.957982282991518
1,line,22.858125,0.804688073658009
1,line,22.88498046875,2.85224559856219
1,line,22.90939453125,4.71287534766876
1,line,22.92453125,5.84511040029364
1,line,22.9372265625,6.77639410080445
1,line,22.95236328125,7.90232704705558
1,line,22.96701171875,8.98254541464149
1,line,22.97970703125,9.83548487722122
1,line,22.99142578125,10.6533058300962
1,line,23.0065625,11.6426170821191
1,line,23.0192578125,12.402589285203
1,line,23.03146484375,13.1280145338001
1,line,23.04611328125,13.955241006078
1,line,23.05880859375,14.5822843879061
1,line,23.071015625,15.1520585149586
1,line,23.08322265625,15.6607179200311
1,line,23.0954296875,16.1340149311981
1,line,23.10763671875,16.5387929859847
1,line,23.12033203125,16.8960044615363
1,line,23.1325390625,17.1747409606798
1,line,23.15744140625,17.5982098934031
1,line,23.18234375,17.785167399497
1,line,23.2067578125,17.7712415411905
1,line,23.231171875,17.5451777373971
1,line,23.24337890625,17.36991225773
1,line,23.2555859375,17.139023218001
1,line,23.26828125,16.8635441857974
1,line,23.28048828125,16.5495835417539
1,line,23.2926953125,16.1881527285851
1,line,23.305390625,15.7918915837226
1,line,23.31759765625,15.3493934057987
1,line,23.3298046875,14.88235202119
1,line,23.34201171875,14.3765114311689
1,line,23.35373046875,13.8547852835275
1,line,23.3688671875,13.1683559199664
1,line,23.3815625,12.5782185474019
1,line,23.39328125,11.9878148929277
1,line,23.40841796875,11.2497261871624
1,line,23.420625,10.6434183564953
1,line,23.43283203125,10.0404643458554
1,line,23.44796875,9.28730879331373
1,line,23.4753125,7.91701128571201
1,line,23.4997265625,6.69906635021879
1,line,23.5270703125,5.31700784147592
1,line,23.551484375,4.05925799607299
1,line,23.56369140625,3.42459203944098
1,line,23.57541015625,2.75114904926297
1,line,23.58810546875,2.08332652883341
1,line,23.60275390625,1.23467617418604
1,line,23.617890625,0.385487694132223
1,line,23.63009765625,-0.304968711023977
1,line,23.645234375,-1.15692396855584
1,line,23.66037109375,-1.97573457245995
1,line,23.672578125,-2.67363559322499
1,line,23.68771484375,-3.53874948674393
1,line,23.699921875,-4.17766046242334
1,line,23.71212890625,-4.88254128793177
1,line,23.727265625,-5.69642526208023
1,line,23.73947265625,-6.3223344547809
1,line,23.7516796875,-7.01302359687467
1,line,23.76388671875,-7.62479680569899
1,line,23.77609375,-8.26041917248846
1,line,23.8005078125,-9.48354751897088
1,line,23.82443359375,-10.6862010935719
1,line,23.84884765625,-11.7597730244776
1,line,23.87375,-12.7414610857507
1,line,23.88546875,-13.1855904991506
1,line,23.90060546875,-13.6909880585292
1,line,23.91330078125,-14.058731353761
1,line,23.92501953125,-14.3905027611532
1,line,23.9372265625,-14.684212471612
1,line,23.949921875,-14.9419181535759
1,line,23.96212890625,-15.16765257777
1,line,23.9743359375,-15.3561832556973
1,line,23.98654296875,-15.5175742178388
1,line,23.99923828125,-15.6190760501844
1,line,24.0114453125,-15.6749586397405
1,line,24.02365234375,-15.6753342282393
1,line,24.035859375,-15.6268715574817
1,line,24.04806640625,-15.5245301551505
1,line,24.06076171875,-15.3890541681924
1,line,24.07296875,-15.1924280336267
1,line,24.08517578125,-14.9675852464229
1,line,24.1091015625,-14.3706209513184
1,line,24.13400390625,-13.6079225519414
1,line,24.15841796875,-12.673455017778
1,line,24.1852734375,-11.5341870895018
1,line,24.19796875,-10.9897999241678
1,line,24.2096875,-10.4095412502173
1,line,24.22482421875,-9.64103679423702
1,line,24.23751953125,-8.99906060637526
1,line,24.25216796875,-8.17941189257644
1,line,24.2673046875,-7.33597203701547
1,line,24.27951171875,-6.63181620206247
1,line,24.2946484375,-5.72814749685454
1,line,24.30685546875,-5.00168450949963
1,line,24.3190625,-4.20271806513188
1,line,24.33419921875,-3.23563899808495
1,line,24.34640625,-2.45931773529301
1,line,24.35861328125,-1.61495568067537
1,line,24.3708203125,-0.816205357936832
1,line,24.3825390625,0.0400231126627316
1,line,24.39474609375,0.882505361388391
1,line,24.406953125,1.73416029183155
1,line,24.434296875,3.62116885046426
1,line,24.4645703125,5.67113532153636
1,line,24.49240234375,7.48116890231059
1,line,24.51974609375,9.17260945263651
1,line,24.53146484375,9.89640215107499
1,line,24.543671875,10.6022786408789
1,line,24.55587890625,11.2666927808967
1,line,24.56857421875,11.9040637867045
1,line,24.5837109375,12.6540816190011
1,line,24.5954296875,13.2303051275196
1,line,24.608125,13.7656708947214
1,line,24.61984375,14.265263324912
1,line,24.63498046875,14.8394994541462
1,line,24.64767578125,15.2546183405407
1,line,24.6598828125,15.6179140748081
1,line,24.67208984375,15.9419692623133
1,line,24.68478515625,16.2475446288563
1,line,24.6969921875,16.5148570815991
1,line,24.70919921875,16.7310470318514
1,line,24.72140625,16.9077800294487
1,line,24.73361328125,17.0489624326562
1,line,24.75802734375,17.1957575984708
1,line,24.7829296875,17.1694932661299
1,line,24.80783203125,16.9869489547251
1,line,24.83224609375,16.6216446929266
1,line,24.844453125,16.351893163416
1,line,24.85666015625,16.0432168914047
1,line,24.8688671875,15.7054641789624
1,line,24.88107421875,15.3099561393526
1,line,24.89376953125,14.9035002063183
1,line,24.9059765625,14.4750310475136
1,line,24.9176953125,13.98553959808
1,line,24.930390625,13.4745642821497
1,line,24.942109375,12.9525792124919
1,line,24.95724609375,12.2641574819028
1,line,24.96994140625,11.6905825813177
1,line,24.98166015625,11.103944743736
1,line,24.996796875,10.3508780053497
1,line,25.00900390625,9.74049406311892
1,line,25.024140625,8.97021173026026
1,line,25.03634765625,8.36354970008722
1,line,25.0485546875,7.68990565051934
1,line,25.0758984375,6.23447737367811
1,line,25.1003125,4.8483219256818
1,line,25.12423828125,3.41934385374317
1,line,25.15158203125,1.76350744671786
1,line,25.1637890625,1.02019065400813
1,line,25.17892578125,0.0888281759188728
1,line,25.1940625,-0.828918219051977
1,line,25.20626953125,-1.5725780551363
1,line,25.22140625,-2.49303410739259
1,line,25.23361328125,-3.19625860792232
1,line,25.2458203125,-3.9209471283866
1,line,25.26095703125,-4.79056259696589
1,line,25.2731640625,-5.45292392748204
1,line,25.2848828125,-6.1745452378007
1,line,25.3005078125,-6.97304977915237
1,line,25.31271484375,-7.62441282498976
1,line,25.32443359375,-8.27921672466886
1,line,25.33712890625,-8.91793056319791
1,line,25.3493359375,-9.54025694675195
1,line,25.3610546875,-10.1450642219361
1,line,25.37375,-10.7263161451282
1,line,25.39767578125,-11.8185714121842
1,line,25.42208984375,-12.8026225798629
1,line,25.44943359375,-13.7645515630152
1,line,25.47384765625,-14.4617951807859
1,line,25.4860546875,-14.7712261371818
1,line,25.49826171875,-15.0476272815645
1,line,25.51046875,-15.2970004571416
1,line,25.5231640625,-15.5028364386527
1,line,25.53537109375,-15.6729113988668
1,line,25.547578125,-15.782855577289
1,line,25.55978515625,-15.8462096096783
1,line,25.57248046875,-15.8465882493905
1,line,25.5846875,-15.808029191998
1,line,25.59689453125,-15.7362790109964
1,line,25.6091015625,-15.6000934036931
1,line,25.621796875,-15.4112268433018
1,line,25.63400390625,-15.178080936982
1,line,25.6462109375,-14.88695507147
1,line,25.65841796875,-14.5355809655159
1,line,25.670625,-14.1788129657738
1,line,25.68234375,-13.7500359146742
1,line,25.70724609375,-12.7993362080896
1,line,25.73458984375,-11.6019742095432
1,line,25.7614453125,-10.2268343923709
1,line,25.7887890625,-8.71649314253568
1,line,25.80392578125,-7.83022304463289
1,line,25.81662109375,-7.08288222923981
1,line,25.82833984375,-6.31941079617087
1,line,25.8434765625,-5.3377610966095
1,line,25.85568359375,-4.53114036332468
1,line,25.8708203125,-3.49643004147572
1,line,25.88302734375,-2.63371852969826
1,line,25.895234375,-1.77381275293854
1,line,25.91037109375,-0.682028036055735
1,line,25.922578125,0.186512615527991
1,line,25.934296875,1.13444481805013
1,line,25.9469921875,2.01146707360346
1,line,25.9587109375,2.90996876587199
1,line,25.97384765625,4.03998128309156
1,line,25.98654296875,4.91878061993356
1,line,25.99826171875,5.79258741336272
1,line,26.0133984375,6.87585333187053
1,line,26.0378125,8.53392841760164
1,line,26.06564453125,10.341864888035
1,line,26.0925,12.0370972651817
1,line,26.1169140625,13.4205691328211
1,line,26.13205078125,14.2159645948831
1,line,26.14474609375,14.806390966738
1,line,26.156953125,15.3468886981321
1,line,26.16916015625,15.8498122594431
1,line,26.18185546875,16.3306505910939
1,line,26.1940625,16.754825705651
1,line,26.20626953125,17.1236070945128
1,line,26.2184765625,17.4596748312821
1,line,26.23068359375,17.7356398981215
1,line,26.242890625,17.9652092845489
1,line,26.25509765625,18.1398655267412
1,line,26.26779296875,18.281585496908
1,line,26.28,18.3735926389049
1,line,26.29220703125,18.4187645724997
1,line,26.30490234375,18.4144941578079
1,line,26.317109375,18.3523031734422
1,line,26.32931640625,18.2372737804515
1,line,26.35373046875,17.8644554351315
1,line,26.37814453125,17.2949092267942
1,line,26.403046875,16.5217248123718
1,line,26.42794921875,15.6066097079783
1,line,26.44015625,15.0868736393723
1,line,26.451875,14.5262521288094
1,line,26.46408203125,13.9388452767424
1,line,26.4762890625,13.3401427809023
1,line,26.49142578125,12.5667642394803
1,line,26.5036328125,11.9278857599894
1,line,26.51876953125,11.1090354519017
1,line,26.53390625,10.280339512714
1,line,26.5466015625,9.61370916133813
1,line,26.56125,8.77010542241546
1,line,26.57638671875,7.90006454221556
1,line,26.58908203125,7.19453847071296
1,line,26.60080078125,6.47845446287535
1,line,26.6159375,5.56327644567779
1,line,26.6286328125,4.81493407690326
1,line,26.64328125,3.86581484150284
1,line,26.65841796875,2.91871332239951
1,line,26.68576171875,1.15933350174909
1,line,26.71017578125,-0.414355275283639
1,line,26.7341015625,-1.93910675907956
1,line,26.75900390625,-3.46018542290465
1,line,26.77365234375,-4.40000891310237
1,line,26.785859375,-5.09636717609837
1,line,26.79806640625,-5.84734526227416
1,line,26.813203125,-6.74932370311747
1,line,26.82541015625,-7.43599432398871
1,line,26.840546875,-8.30516159445409
1,line,26.85568359375,-9.14796273672854
1,line,26.867890625,-9.80897090346672
1,line,26.88009765625,-10.4460046599884
1,line,26.895234375,-11.195720756958
1,line,26.90744140625,-11.7709325394193
1,line,26.9196484375,-12.3193721465526
1,line,26.93185546875,-12.8434854144838
1,line,26.9469921875,-13.442272654836
1,line,26.9596875,-13.9069939664316
1,line,26.97140625,-14.3309452492756
1,line,26.98654296875,-14.7860852334279
1,line,27.0114453125,-15.3941984451259
1,line,27.03634765625,-15.8626952508648
1,line,27.06076171875,-16.1863355822643
1,line,27.08517578125,-16.3179328563772
1,line,27.0973828125,-16.2985046858572
1,line,27.10958984375,-16.2214608692692
1,line,27.12228515625,-16.0971458777706
1,line,27.1344921875,-15.934431218891
1,line,27.14962890625,-15.6744793577501
1,line,27.16232421875,-15.3977198369534
1,line,27.17453125,-15.0765071692731
1,line,27.18673828125,-14.7277336124248
1,line,27.1989453125,-14.2996170523402
1,line,27.21408203125,-13.7236830258824
1,line,27.2262890625,-13.2570965033736
1,line,27.23849609375,-12.7170266632247
1,line,27.250703125,-12.2014483101718
1,line,27.26291015625,-11.6441607351263
1,line,27.27462890625,-11.0648377058054
1,line,27.28732421875,-10.4409854737169
1,line,27.29904296875,-9.79360022643876
1,line,27.32345703125,-8.44062658374955
1,line,27.35080078125,-6.87086167660712
1,line,27.37521484375,-5.36707827334595
1,line,27.39962890625,-3.75849184352228
1,line,27.4118359375,-2.97193805404206
1,line,27.4235546875,-2.14832421796503
1,line,27.43576171875,-1.31124822226359
1,line,27.44796875,-0.454482763338412
1,line,27.46310546875,0.622869395985343
1,line,27.4753125,1.47764492769302
1,line,27.49044921875,2.60412844897811
1,line,27.50265625,3.49108874986607
1,line,27.51486328125,4.33437955458281
1,line,27.5270703125,5.23428067154522
1,line,27.53927734375,6.06137875834859
1,line,27.551484375,6.94048670717311
1,line,27.56369140625,7.82771701551655
1,line,27.5758984375,8.62842950669778
1,line,27.5876171875,9.45152818619667
1,line,27.59982421875,10.2457452274039
1,line,27.61203125,11.0075645608751
1,line,27.6364453125,12.4497805071853
1,line,27.66671875,14.0768488922314
1,line,27.69162109375,15.1963568395059
1,line,27.71603515625,16.1562407634944
1,line,27.72873046875,16.5610440143229
1,line,27.74044921875,16.902189850324
1,line,27.75265625,17.2027224783157
1,line,27.7653515625,17.4710212868042
1,line,27.77755859375,17.6586347435471
1,line,27.789765625,17.8001926472202
1,line,27.80197265625,17.9029766578141
1,line,27.81466796875,17.9515965725249
1,line,27.826875,17.944488832501
1,line,27.83908203125,17.8870193673231
1,line,27.85177734375,17.7807661738517
1,line,27.863984375,17.6254819080872
1,line,27.87619140625,17.4198537020596
1,line,27.8883984375,17.1510329678041
1,line,27.90060546875,16.8374234121591
1,line,27.9128125,16.4809093701413
1,line,27.9255078125,16.0553946288884
1,line,27.949921875,15.1169602168261
1,line,27.9743359375,14.0476227789095
1,line,27.99826171875,12.8714907495745
1,line,28.0231640625,11.6198958689198
1,line,28.0378125,10.8182178642466
1,line,28.0505078125,10.1622290172164
1,line,28.0622265625,9.49331870976599
1,line,28.07736328125,8.66884310154436
1,line,28.09005859375,8.00617687399459
1,line,28.10470703125,7.18077348598131
1,line,28.11984375,6.35103242501491
1,line,28.1325390625,5.67904998263918
1,line,28.1442578125,4.9936557229287
1,line,28.15939453125,4.12686314700089
1,line,28.17208984375,3.43150338979476
1,line,28.18673828125,2.55648956490674
1,line,28.201875,1.64484665909105
1,line,28.21408203125,0.926883022368316
1,line,28.22921875,0.0154003306801394
1,line,28.24142578125,-0.6811578880876
1,line,28.2536328125,-1.43214999130676
1,line,28.278046875,-2.86394155745389
1,line,28.3024609375,-4.29562622531228
1,line,28.32931640625,-5.85515581950184
1,line,28.35666015625,-7.39987963685731
1,line,28.3688671875,-8.0598152845711
1,line,28.38107421875,-8.7082840999226
1,line,28.3962109375,-9.502140591559
1,line,28.40841796875,-10.127732949449
1,line,28.420625,-10.7397538771283
1,line,28.43283203125,-11.3223870980081
1,line,28.44796875,-12.0177922332856
1,line,28.4606640625,-12.5551670752235
1,line,28.4723828125,-13.0598988174968
1,line,28.48751953125,-13.6394831014943
1,line,28.50021484375,-14.0848376068194
1,line,28.51193359375,-14.4760011690814
1,line,28.524140625,-14.8426849740956
1,line,28.5368359375,-15.1680968087148
1,line,28.54904296875,-15.4582414622277
1,line,28.56125,-15.7176030261657
1,line,28.57345703125,-15.9448487734324
1,line,28.598359375,-16.2622360517502
1,line,28.62326171875,-16.3916601157472
1,line,28.64767578125,-16.3005196395922
1,line,28.67208984375,-16.0099896434849
1,line,28.684296875,-15.7938515193118
1,line,28.6969921875,-15.5282265452256
1,line,28.70919921875,-15.2269258123388
1,line,28.72140625,-14.864737173219
1,line,28.733125,-14.4586550396909
1,line,28.7458203125,-13.99761790809
1,line,28.75802734375,-13.5063086062848
1,line,28.77267578125,-12.8752384869282
1,line,28.78537109375,-12.3298275179686
1,line,28.79708984375,-11.7583758195851
1,line,28.8122265625,-11.0151491812389
1,line,28.824921875,-10.3813781357982
1,line,28.8395703125,-9.54903108948979
1,line,28.85470703125,-8.6931720662083
1,line,28.86740234375,-7.97940858384217
1,line,28.87912109375,-7.24049726461133
1,line,28.8942578125,-6.30910345855822
1,line,28.92208984375,-4.53509371146953
1,line,28.946015625,-2.90277548360222
1,line,28.9762890625,-0.802670230424527
1,line,29.0065625,1.37012531265753
1,line,29.01876953125,2.25169779503244
1,line,29.0309765625,3.1250788767808
1,line,29.04611328125,4.21346441881952
1,line,29.0583203125,5.05923830929999
1,line,29.07345703125,6.09555186601277
1,line,29.08615234375,6.93647159819336
1,line,29.09787109375,7.75877015977877
1,line,29.11056640625,8.55433147516192
1,line,29.12228515625,9.33068558137148
1,line,29.137421875,10.257801294138
1,line,29.1501171875,10.9705907270835
1,line,29.1618359375,11.6615517949671
1,line,29.17697265625,12.4729190264901
1,line,29.18966796875,13.0968704956086
1,line,29.201875,13.6966657199596
1,line,29.21359375,14.2637303300145
1,line,29.2262890625,14.7993094974817
1,line,29.250703125,15.7450954351802
1,line,29.27560546875,16.5104301240637
1,line,29.29953125,17.0869902801576
1,line,29.32443359375,17.5050926758046
1,line,29.336640625,17.6438278420116
1,line,29.3493359375,17.7396655129419
1,line,29.36154296875,17.7717030944449
1,line,29.37375,17.7569002106146
1,line,29.38595703125,17.6981836298322
1,line,29.39865234375,17.5870236515376
1,line,29.410859375,17.4366252758504
1,line,29.42306640625,17.223177921323
1,line,29.4352734375,16.9570463771545
1,line,29.44748046875,16.6585474765621
1,line,29.4596875,16.3161957859565
1,line,29.4723828125,15.9013684723906
1,line,29.48458984375,15.4812776608653
1,line,29.496796875,15.0174275603026
1,line,29.50900390625,14.4966145801017
1,line,29.524140625,13.8210388089608
1,line,29.53634765625,13.2810629827658
1,line,29.56369140625,11.922253654746
1,line,29.58810546875,10.683487801137
1,line,29.61251953125,9.41683963642818
1,line,29.63693359375,8.10047942979317
1,line,29.65158203125,7.2780913318277
1,line,29.66671875,6.43997799779813
1,line,29.6794140625,5.75206079261487
1,line,29.6911328125,5.0399698441002
1,line,29.70626953125,4.16522954653339
1,line,29.7184765625,3.43104809015421
1,line,29.73361328125,2.50838980154311
1,line,29.7458203125,1.79826683335056
1,line,29.75802734375,1.02539728956858
1,line,29.770234375,0.312538315533017
1,line,29.78244140625,-0.416254272477046
1,line,29.7946484375,-1.14539496330854
1,line,29.8063671875,-1.87173313550709
1,line,29.82150390625,-2.76089525021803
1,line,29.83419921875,-3.49544066286898
1,line,29.84884765625,-4.35834120015113
1,line,29.863984375,-5.20981639762927
1,line,29.8883984375,-6.57052408553541
1,line,29.91623046875,-8.06961182817116
1,line,29.946015625,-9.65032501880934
1,line,29.9704296875,-10.8285084795212
1,line,29.9860546875,-11.5237850481864
1,line,29.99826171875,-12.0741141436847
1,line,30.01046875,-12.5783536593093
1,line,30.0221875,-13.0584753703304
1,line,30.03439453125,-13.5067065378224
1,line,30.04708984375,-13.9244345956729
1,line,30.05880859375,-14.3039315127355
1,line,30.071015625,-14.6563433338547
1,line,30.0837109375,-14.9621111383882
1,line,30.0954296875,-15.2376926428258
1,line,30.108125,-15.4751658769389
1,line,30.12033203125,-15.6851492378689
1,line,30.1325390625,-15.8376091858799
1,line,30.14474609375,-15.9382482397406
1,line,30.15744140625,-15.992250859112
1,line,30.1696484375,-15.9997319587529
1,line,30.18185546875,-15.9463027705987
1,line,30.2067578125,-15.709503510052
1,line,30.231171875,-15.2937606701374
1,line,30.258515625,-14.5536119583513
1,line,30.28634765625,-13.5967420819202
1,line,30.30099609375,-12.9904871810656
1,line,30.313203125,-12.4860747101545
1,line,30.32541015625,-11.9191058779777
1,line,30.340546875,-11.1973665448751
1,line,30.35275390625,-10.6101276166249
1,line,30.3649609375,-9.94144517738814
1,line,30.37716796875,-9.30038035998287
1,line,30.389375,-8.61342831824663
1,line,30.40158203125,-7.9130111544914
1,line,30.4137890625,-7.1916826695182
1,line,30.4255078125,-6.44571597466183
1,line,30.43771484375,-5.71948189003584
1,line,30.449921875,-4.90379586057934
1,line,30.46505859375,-3.92012148540381
1,line,30.477265625,-3.13503307490545
1,line,30.48947265625,-2.25758232240595
1,line,30.504609375,-1.20120504652578
1,line,30.5290234375,0.543606871687274
1,line,30.55294921875,2.28067615516576
1,line,30.5778515625,4.05118817910567
1,line,30.6051953125,5.99914656172847
1,line,30.62033203125,7.04956367131998
1,line,30.63546875,8.06199700508215
1,line,30.64767578125,8.85395522556873
1,line,30.65939453125,9.62745956855968
1,line,30.6716015625,10.3740483567942
1,line,30.68380859375,11.0965258007059
1,line,30.69943359375,11.9590751495764
1,line,30.71408203125,12.7704522998113
1,line,30.72677734375,13.4052934661786
1,line,30.73849609375,14.0215470807833
1,line,30.750703125,14.5866604076013
1,line,30.76291015625,15.1083764996428
1,line,30.77560546875,15.5918351455502
1,line,30.7878125,16.042421553382
1,line,30.80001953125,16.435656534019
1,line,30.8122265625,16.7881738428553
1,line,30.82443359375,17.0879964782757
1,line,30.8493359375,17.5679955856703
1,line,30.87375,17.8594854083695
1,line,30.89865234375,17.9748838759175
1,line,30.92306640625,17.8977619800017
1,line,30.93576171875,17.7781222816601
1,line,30.94796875,17.6250702605214
1,line,30.96017578125,17.4252280963014
1,line,30.9723828125,17.1617096940114
1,line,30.98458984375,16.8627765742677
1,line,30.996796875,16.5254526982702
1,line,31.00900390625,16.1438574216502
1,line,31.02169921875,15.7212713590247
1,line,31.03390625,15.2653622497759
1,line,31.04611328125,14.7765837956872
1,line,31.0583203125,14.2277302614183
1,line,31.07052734375,13.7062154192536
1,line,31.082734375,13.157509550086
1,line,31.09494140625,12.5903122537653
1,line,31.1071484375,12.0072798133611
1,line,31.121796875,11.2740038839469
1,line,31.1344921875,10.6702182781391
1,line,31.16134765625,9.2788768080685
1,line,31.18869140625,7.83246179643381
1,line,31.2165234375,6.34403768222279
1,line,31.24337890625,4.75337705052746
1,line,31.25607421875,4.03279284282654
1,line,31.27072265625,3.10266191281933
1,line,31.285859375,2.16926808047534
1,line,31.29806640625,1.40470355494828
1,line,31.313203125,0.457968350512474
1,line,31.32541015625,-0.2711812684668
1,line,31.3376171875,-1.06264834988582
1,line,31.34982421875,-1.79403552932101
1,line,31.36203125,-2.5467819452987
1,line,31.37375,-3.30789726417715
1,line,31.3864453125,-4.04175575634511
1,line,31.3981640625,-4.77546731144839
1,line,31.41037109375,-5.48193462250647
1,line,31.422578125,-6.2550201730766
1,line,31.43771484375,-7.16225386111202
1,line,31.449921875,-7.84644739809433
1,line,31.465546875,-8.72755645786243
1,line,31.49240234375,-10.1849781100222
1,line,31.520234375,-11.5053848071426
1,line,31.5446484375,-12.5844677948016
1,line,31.57150390625,-13.6224258897137
1,line,31.58419921875,-14.0183459980723
1,line,31.59591796875,-14.3682774334558
1,line,31.6110546875,-14.7344232065162
1,line,31.62375,-14.991173296346
1,line,31.63595703125,-15.2147853040532
1,line,31.6481640625,-15.4001231932241
1,line,31.660859375,-15.5498970624067
1,line,31.67306640625,-15.6484512212149
1,line,31.6852734375,-15.6886355870145
1,line,31.69748046875,-15.6828026888544
1,line,31.7096875,-15.6212294658918
1,line,31.72189453125,-15.5107595629166
1,line,31.7341015625,-15.3665184202049
1,line,31.746796875,-15.1705879448246
1,line,31.75900390625,-14.9381920074962
1,line,31.7712109375,-14.6757600558426
1,line,31.78341796875,-14.3304654778236
1,line,31.81076171875,-13.4780351089568
1,line,31.83517578125,-12.5683477188837
1,line,31.8591015625,-11.5721061238913
1,line,31.883515625,-10.4938259292626
1,line,31.89865234375,-9.77358698293287
1,line,31.910859375,-9.16586242419168
1,line,31.92306640625,-8.54211006248012
1,line,31.938203125,-7.77992275040643
1,line,31.95041015625,-7.0865398261953
1,line,31.965546875,-6.23306620506091
1,line,31.97775390625,-5.545350295396
1,line,31.9899609375,-4.78150025229344
1,line,32.00509765625,-3.84736261361334
1,line,32.0173046875,-3.08734859430042
1,line,32.02951171875,-2.24811951450512
1,line,32.04171875,-1.46024117132425
1,line,32.0534375,-0.590844744051201
1,line,32.0661328125,0.289575285751852
1,line,32.07833984375,1.17281606136532
1,line,32.09298828125,2.28716114541096
1,line,32.10568359375,3.19280932637473
1,line,32.1325390625,5.24555233029619
1,line,32.1598828125,7.28646356979037
1,line,32.18771484375,9.24444393910142
1,line,32.21798828125,11.2920609164567
1,line,32.2301953125,12.0685211645739
1,line,32.2419140625,12.8147503198046
1,line,32.25705078125,13.684831418854
1,line,32.26974609375,14.3567350049435
1,line,32.281953125,14.9685793445874
1,line,32.29416015625,15.5287971706147
1,line,32.3063671875,16.0594646379701
1,line,32.31857421875,16.5216009077881
1,line,32.33078125,16.9298721049363
1,line,32.34298828125,17.2721290843508
1,line,32.35568359375,17.5642436523498
1,line,32.367890625,17.8103870114239
1,line,32.38009765625,17.9874600090112
1,line,32.39279296875,18.1017297835321
1,line,32.405,18.1635493071408
1,line,32.41720703125,18.1871829494655
1,line,32.42990234375,18.1501220937744
1,line,32.453828125,17.9157399394724
1,line,32.47873046875,17.4533401915203
1,line,32.50314453125,16.8069163260562
1,line,32.528046875,15.978913856802
1,line,32.54025390625,15.4905656947896
1,line,32.5524609375,14.9447929244558
1,line,32.56759765625,14.2644920521505
1,line,32.5798046875,13.7054334000964
1,line,32.59201171875,13.0665463888153
1,line,32.6071484375,12.2856306256038
1,line,32.61935546875,11.6777471435376
1,line,32.63107421875,11.0073030023568
1,line,32.64376953125,10.3840692593446
1,line,32.6559765625,9.73388959959889
1,line,32.6676953125,9.07872551338255
1,line,32.680390625,8.43250640277985
1,line,32.6950390625,7.64756273044131
1,line,32.70724609375,7.01045719712941
1,line,32.719453125,6.37657901884867
1,line,32.73458984375,5.58811591599911
1,line,32.746796875,4.96852986669695
1,line,32.7712109375,3.66468693988113
1,line,32.795625,2.27545736393111
1,line,32.82248046875,0.765802792369504
1,line,32.84689453125,-0.646113563769032
1,line,32.86203125,-1.51987869450716
1,line,32.87423828125,-2.23855813454811
1,line,32.889375,-3.12304285479203
1,line,32.90158203125,-3.8390044940958
1,line,32.9137890625,-4.5584104427674
1,line,32.92892578125,-5.41277971492112
1,line,32.9440625,-6.26365199359628
1,line,32.95626953125,-6.96335153031333
1,line,32.97140625,-7.82371041593847
1,line,32.98361328125,-8.4990780644958
1,line,32.9958203125,-9.18063531813097
1,line,33.01095703125,-10.0073464788721
1,line,33.0231640625,-10.6413252005627
1,line,33.03537109375,-11.3028662077592
1,line,33.0505078125,-12.0640355947265
1,line,33.06564453125,-12.7899352833746
1,line,33.0778515625,-13.3410931100849
1,line,33.1051953125,-14.4426632106567
1,line,33.13009765625,-15.273706404843
1,line,33.15451171875,-15.9151430854438
1,line,33.1794140625,-16.4017650252732
1,line,33.19162109375,-16.5762568643434
1,line,33.203828125,-16.6991183666734
1,line,33.21896484375,-16.7673688402026
1,line,33.23166015625,-16.7497491297991
1,line,33.2438671875,-16.6686426085046
1,line,33.25607421875,-16.5297086352893
1,line,33.2712109375,-16.2888895514856
1,line,33.28390625,-16.0286410413617
1,line,33.29611328125,-15.7324806416514
1,line,33.3083203125,-15.3817712373406
1,line,33.32052734375,-14.9760005904624
1,line,33.33322265625,-14.5257961707736
1,line,33.34787109375,-13.9058419240957
1,line,33.360078125,-13.3597604310308
1,line,33.37228515625,-12.7956537379324
1,line,33.387421875,-12.0638878339559
1,line,33.39962890625,-11.5038290897754
1,line,33.42990234375,-9.89561911073146
1,line,33.45431640625,-8.54079151657195
1,line,33.48166015625,-6.98617831381637
1,line,33.50900390625,-5.38172620233823
1,line,33.5212109375,-4.67527126491645
1,line,33.53341796875,-3.90361454143318
1,line,33.545625,-3.18382256893372
1,line,33.55734375,-2.41499887589931
1,line,33.5700390625,-1.64152573814427
1,line,33.5817578125,-0.856974565904744
1,line,33.59689453125,0.126199903186603
1,line,33.6091015625,0.944319504219493
1,line,33.62423828125,1.97156793384054
1,line,33.6364453125,2.75697215224719
1,line,33.64865234375,3.62415619286669
1,line,33.660859375,4.42019165590771
1,line,33.67306640625,5.24396256751549
1,line,33.68478515625,6.12473938756587
1,line,33.69748046875,6.91629884751288
1,line,33.70919921875,7.7268187648203
1,line,33.7243359375,8.73388046023594
1,line,33.7516796875,10.4973128201179
1,line,33.77609375,11.9874258078972
1,line,33.8034375,13.5277900326882
1,line,33.8278515625,14.7802675866129
1,line,33.84005859375,15.3571922502487
1,line,33.85275390625,15.913063406742
1,line,33.86447265625,16.3976301854515
1,line,33.8766796875,16.8322294600125
1,line,33.88888671875,17.2375891331181
1,line,33.90158203125,17.5824288563909
1,line,33.9137890625,17.8784947643004
1,line,33.92599609375,18.1080432335699
1,line,33.93869140625,18.2966966269067
1,line,33.9508984375,18.45291386972
1,line,33.96310546875,18.5370113148667
1,line,33.97580078125,18.563420697964
1,line,33.9880078125,18.5423234191724
1,line,34.00021484375,18.4472715790398
1,line,34.012421875,18.2998676973835
1,line,34.02462890625,18.1111918817434
1,line,34.0368359375,17.8726736133654
1,line,34.06173828125,17.2228624303455
1,line,34.08615234375,16.3802927650729
1,line,34.11056640625,15.3312910481496
1,line,34.13498046875,14.1643931425048
1,line,34.1471875,13.5830965190415
1,line,34.15939453125,12.9631785290839
1,line,34.17111328125,12.325165797015
1,line,34.18380859375,11.6715574963363
1,line,34.19845703125,10.8572000715348
1,line,34.2106640625,10.2179904456882
1,line,34.22580078125,9.36683219000549
1,line,34.2380078125,8.69943843774671
1,line,34.25021484375,8.07317541647031
1,line,34.262421875,7.40938001482329
1,line,34.27462890625,6.74038009115568
1,line,34.28927734375,5.8842299780629
1,line,34.30197265625,5.19391421098105
1,line,34.31369140625,4.49029550795474
1,line,34.328828125,3.59529988235553
1,line,34.3415234375,2.86091457607964
1,line,34.356171875,1.95458464452627
1,line,34.383515625,0.324788570715483
1,line,34.4137890625,-1.42981019073261
1,line,34.4440625,-3.2302748541809
1,line,34.4684765625,-4.62743065062971
1,line,34.48361328125,-5.48105524072218
1,line,34.4958203125,-6.19691949560562
1,line,34.51095703125,-7.06299176483233
1,line,34.52609375,-7.89986510576036
1,line,34.53830078125,-8.56809353722215
1,line,34.5505078125,-9.2253735304601
1,line,34.56564453125,-10.022594942519
1,line,34.5778515625,-10.6374992458407
1,line,34.59005859375,-11.2366982072538
1,line,34.602265625,-11.8224996337468
1,line,34.61447265625,-12.3814643687163
1,line,34.6266796875,-12.9025894913692
1,line,34.64181640625,-13.5066967074784
1,line,34.656953125,-14.0706487608705
1,line,34.6696484375,-14.4666967005912
1,line,34.6813671875,-14.8211398992415
1,line,34.69357421875,-15.1435658409022
1,line,34.7184765625,-15.6874586767801
1,line,34.74337890625,-16.0682538270635
1,line,34.76779296875,-16.2040268950871
1,line,34.7926953125,-16.1250532481481
1,line,34.8044140625,-16.0216117767144
1,line,34.81662109375,-15.869105763474
1,line,34.82931640625,-15.6450916159424
1,line,34.8415234375,-15.3824016171386
1,line,34.85373046875,-15.0868989375934
1,line,34.86642578125,-14.7059203033602
1,line,34.88107421875,-14.1731960539483
1,line,34.89328125,-13.7260963603892
1,line,34.90548828125,-13.2164927286467
1,line,34.9176953125,-12.7263646750134
1,line,34.9294140625,-12.1758927149982
1,line,34.94162109375,-11.6072072258211
1,line,34.953828125,-11.006104250035
1,line,34.96896484375,-10.222386342806
1,line,34.981171875,-9.59456324322188
1,line,34.99630859375,-8.7256402652474
1,line,35.0114453125,-7.85715324088809
1,line,35.0387890625,-6.19415655809632
1,line,35.063203125,-4.62305910758064
1,line,35.090546875,-2.78896281025671
1,line,35.117890625,-0.886999580775006
1,line,35.13302734375,0.211089216022157
1,line,35.145234375,1.10292952007987
1,line,35.16037109375,2.22310553247297
1,line,35.172578125,3.08239189470323
1,line,35.184296875,3.98269352531177
1,line,35.1969921875,4.86614060718543
1,line,35.20919921875,5.73630650416146
1,line,35.22384765625,6.84635859018055
1,line,35.23654296875,7.71177201477164
1,line,35.24826171875,8.5553748992332
1,line,35.2633984375,9.60714072838801
1,line,35.27609375,10.4200957002998
1,line,35.2907421875,11.400690543017
1,line,35.30587890625,12.3323161148683
1,line,35.31857421875,13.054450164543
1,line,35.3337109375,13.8953735902691
1,line,35.3454296875,14.5400343079554
1,line,35.37033203125,15.7175938181946
1,line,35.39474609375,16.7360070465763
1,line,35.42208984375,17.6289938639827
1,line,35.4469921875,18.2372151668398
1,line,35.45919921875,18.4622066011306
1,line,35.47140625,18.6315856871319
1,line,35.4841015625,18.7569441049766
1,line,35.49630859375,18.8327629667765
1,line,35.508515625,18.8563913570353
1,line,35.5212109375,18.8280117391793
1,line,35.5329296875,18.7385892355819
1,line,35.545625,18.5996436939648
1,line,35.55783203125,18.4023321915768
1,line,35.5700390625,18.1529195237271
1,line,35.58224609375,17.8562688000319
1,line,35.59494140625,17.5045143414333
1,line,35.6071484375,17.103620721523
1,line,35.61935546875,16.6666889148276
1,line,35.63107421875,16.1799531011519
1,line,35.64376953125,15.6304096350622
1,line,35.6559765625,15.063857510547
1,line,35.680390625,13.8552954108054
1,line,35.707734375,12.448440486619
1,line,35.73166015625,11.115744923443
1,line,35.7594921875,9.58839525846177
1,line,35.774140625,8.74018998045615
1,line,35.78927734375,7.88188562160304
1,line,35.80197265625,7.18256982607148
1,line,35.81662109375,6.30870159893769
1,line,35.828828125,5.62595272772424
1,line,35.84103515625,4.86189579740558
1,line,35.8532421875,4.16592067420013
1,line,35.8649609375,3.43740763936563
1,line,35.87716796875,2.67571455905853
1,line,35.89279296875,1.74810127228291
1,line,35.90744140625,0.820353401853736
1,line,35.9196484375,0.0829236640800254
1,line,35.93478515625,-0.809610106220495
1,line,35.9469921875,-1.50056524510322
1,line,35.9587109375,-2.24586512532189
1,line,35.97140625,-2.92089612449639
1,line,35.983125,-3.58174522990572
1,line,36.00802734375,-4.90838365649447
1,line,36.0348828125,-6.32579576510608
1,line,36.0622265625,-7.75652728238433
1,line,36.086640625,-8.97659972750257
1,line,36.09884765625,-9.54485848344085
1,line,36.1110546875,-10.1270032606351
1,line,36.12326171875,-10.6981003473242
1,line,36.13546875,-11.2237853259289
1,line,36.14767578125,-11.7497635370134
1,line,36.15939453125,-12.2789275087326
1,line,36.17208984375,-12.7453746878456
1,line,36.18380859375,-13.2150920851692
1,line,36.1989453125,-13.7712901368509
1,line,36.211640625,-14.1837697220354
1,line,36.223359375,-14.5584142245702
1,line,36.23849609375,-14.9932436583751
1,line,36.25119140625,-15.3222281715748
1,line,36.2633984375,-15.6090756531988
1,line,36.27560546875,-15.8636512557539
1,line,36.28830078125,-16.0805698405536
1,line,36.3005078125,-16.239460841678
1,line,36.324921875,-16.3963350942
1,line,36.3493359375,-16.3462113698905
1,line,36.37423828125,-16.0781613833115
1,line,36.39865234375,-15.6091234290641
1,line,36.41134765625,-15.2634638296545
1,line,36.42306640625,-14.8594799177753
1,line,36.438203125,-14.3041304762893
1,line,36.4508984375,-13.81257415692
1,line,36.465546875,-13.1462592899827
1,line,36.48068359375,-12.4234317357715
1,line,36.49337890625,-11.8021675350411
1,line,36.50802734375,-10.9791597338564
1,line,36.520234375,-10.3044519844189
1,line,36.53244140625,-9.53470303592842
1,line,36.5446484375,-8.8172643592542
1,line,36.55685546875,-8.03225107496109
1,line,36.5690625,-7.18498161478647
1,line,36.58126953125,-6.39568041494705
1,line,36.59298828125,-5.54399955205901
1,line,36.6051953125,-4.71441532949041
1,line,36.61740234375,-3.79501476376217
1,line,36.64474609375,-1.82657888235548
1,line,36.66916015625,-0.00881107553093717
1,line,36.69650390625,2.01106087156599
1,line,36.723359375,3.98526567483775
1,line,36.7360546875,4.84165335370774
1,line,36.750703125,5.86743872867867
1,line,36.76583984375,6.87372191410179
1,line,36.778046875,7.66294172861175
1,line,36.79025390625,8.42740177055943
1,line,36.805390625,9.34152842595325
1,line,36.81759765625,10.0820439593204
1,line,36.8298046875,10.7617442935758
1,line,36.84201171875,11.4336157104875
1,line,36.85421875,12.1126616039003
1,line,36.86642578125,12.7090127449792
1,line,36.8786328125,13.311854536821
1,line,36.8903515625,13.8927535976097
1,line,36.903046875,14.402590600989
1,line,36.914765625,14.8994411911727
1,line,36.92697265625,15.3693904746538
1,line,36.93966796875,15.8070282414323
1,line,36.96408203125,16.5204623220606
1,line,36.988984375,17.092399710331
1,line,37.0133984375,17.4974445057767
1,line,37.0378125,17.7341156261065
1,line,37.05001953125,17.7940161975225
1,line,37.06271484375,17.8066552079723
1,line,37.074921875,17.7589268269399
1,line,37.08712890625,17.6803176076924
1,line,37.09982421875,17.5436301294754
1,line,37.11154296875,17.3687537424838
1,line,37.12423828125,17.1531053455433
1,line,37.13595703125,16.8681913686287
1,line,37.14865234375,16.5413737614332
1,line,37.160859375,16.1756699755008
1,line,37.17306640625,15.7913011050569
1,line,37.18576171875,15.326823208706
1,line,37.19748046875,14.8373645000111
1,line,37.2126171875,14.1854660132797
1,line,37.22482421875,13.6416767906799
1,line,37.2399609375,12.93377555424
1,line,37.25216796875,12.372479285272
1,line,37.27658203125,11.1490325393021
1,line,37.30099609375,9.86214922758501
1,line,37.3278515625,8.38033209795035
1,line,37.3551953125,6.84909262379688
1,line,37.36740234375,6.15194763638771
1,line,37.379609375,5.43601001472027
1,line,37.39181640625,4.73927101879282
1,line,37.4040234375,4.02342116002311
1,line,37.4157421875,3.28572231819012
1,line,37.4284375,2.54236246065249
1,line,37.4430859375,1.64428977718333
1,line,37.45529296875,0.949877166045178
1,line,37.4704296875,0.0271754149942587
1,line,37.48263671875,-0.688497285891681
1,line,37.49435546875,-1.3632289800297
1,line,37.50705078125,-2.06770961330148
1,line,37.51876953125,-2.76933938039642
1,line,37.53390625,-3.60932940857172
1,line,37.5466015625,-4.29119321592449
1,line,37.5583203125,-4.97651133093283
1,line,37.57345703125,-5.83512540663956
1,line,37.60080078125,-7.33422382508504
1,line,37.625703125,-8.62297876448603
1,line,37.65548828125,-10.1343277084941
1,line,37.67990234375,-11.2813721950734
1,line,37.6950390625,-11.9496676875468
1,line,37.707734375,-12.4629241199549
1,line,37.719453125,-12.9407331406879
1,line,37.73458984375,-13.5040142112916
1,line,37.74728515625,-13.9084528503187
1,line,37.762421875,-14.3738554649287
1,line,37.7770703125,-14.7846443238927
1,line,37.789765625,-15.0939768123818
1,line,37.80197265625,-15.3402428404767
1,line,37.8141796875,-15.5594814156199
1,line,37.826875,-15.7293559807788
1,line,37.83908203125,-15.8438794000148
1,line,37.8512890625,-15.9063074807358
1,line,37.8630078125,-15.8989942142269
1,line,37.875703125,-15.8507036354355
1,line,37.88791015625,-15.7473207561221
1,line,37.903046875,-15.5478857099479
1,line,37.92794921875,-15.0441566828943
1,line,37.95236328125,-14.3248532983691
1,line,37.97677734375,-13.4386151425873
1,line,38.00119140625,-12.4078828203829
1,line,38.01583984375,-11.7135323488075
1,line,38.028046875,-11.1012490314011
1,line,38.04318359375,-10.3010829383746
1,line,38.055390625,-9.62471750927413
1,line,38.06759765625,-8.91821395631345
1,line,38.082734375,-8.01298716689359
1,line,38.09494140625,-7.28550289308521
1,line,38.1071484375,-6.50701544492094
1,line,38.11935546875,-5.71005658584389
1,line,38.13107421875,-4.88854605684862
1,line,38.1462109375,-3.86083312967853
1,line,38.15890625,-3.01287127675892
1,line,38.170625,-2.13714619748715
1,line,38.18576171875,-1.04243064932748
1,line,38.19845703125,-0.151028195772893
1,line,38.21310546875,0.979949930918796
1,line,38.2253125,1.87780712406826
1,line,38.2497265625,3.71104368748937
1,line,38.274140625,5.52627043166155
1,line,38.30099609375,7.53126972281636
1,line,38.3258984375,9.23479499474369
1,line,38.340546875,10.2657622171101
1,line,38.35275390625,11.0685393269511
1,line,38.3649609375,11.8429343671624
1,line,38.38009765625,12.7562596795512
1,line,38.3923046875,13.4564733041758
1,line,38.40744140625,14.2954362729566
1,line,38.422578125,15.0811397819918
1,line,38.4352734375,15.6608590724208
1,line,38.44748046875,16.2057627872866
1,line,38.4596875,16.7154492130959
1,line,38.47189453125,17.1796346505511
1,line,38.48458984375,17.5967180815244
1,line,38.49630859375,17.9501686977398
1,line,38.50900390625,18.2575905270333
1,line,38.5212109375,18.5323931415513
1,line,38.53341796875,18.7460083153988
1,line,38.545625,18.9082337277156
1,line,38.57052734375,19.116079953093
1,line,38.59494140625,19.0805776157535
1,line,38.61984375,18.8578807493996
1,line,38.6442578125,18.4165520707927
1,line,38.65646484375,18.1395225613093
1,line,38.668671875,17.7955269570882
1,line,38.6813671875,17.3800044008662
1,line,38.6930859375,16.9398573608496
1,line,38.70529296875,16.4550444978312
1,line,38.7175,15.9236676863667
1,line,38.7301953125,15.367649547239
1,line,38.74240234375,14.7975680910645
1,line,38.754609375,14.1895662622534
1,line,38.76681640625,13.5677616707898
1,line,38.7790234375,12.927738627765
1,line,38.793671875,12.1221120340508
1,line,38.8063671875,11.4647445815936
1,line,38.8180859375,10.7887136141789
1,line,38.83322265625,9.94383837252862
1,line,38.84591796875,9.25875240238977
1,line,38.86056640625,8.40076202869043
1,line,38.88498046875,7.01161960214802
1,line,38.90890625,5.62971868433434
1,line,38.9333203125,4.17501909297071
1,line,38.9606640625,2.52980200729304
1,line,38.97580078125,1.61433082759032
1,line,38.9880078125,0.910857130229157
1,line,39.00021484375,0.139986893959233
1,line,39.012421875,-0.554606186028054
1,line,39.024140625,-1.27338285422312
1,line,39.03927734375,-2.14719713209507
1,line,39.051484375,-2.8607049675278
1,line,39.06662109375,-3.72902659487642
1,line,39.078828125,-4.3902596341671
1,line,39.094453125,-5.2693823162399
1,line,39.1091015625,-6.11171544137392
1,line,39.12130859375,-6.7392547104472
1,line,39.1364453125,-7.56835843119432
1,line,39.15158203125,-8.35968249391093
1,line,39.1637890625,-8.98556796766585
1,line,39.17599609375,-9.58462532494322
1,line,39.1911328125,-10.3075776057182
1,line,39.21896484375,-11.5404356779328
1,line,39.2458203125,-12.6445060462788
1,line,39.270234375,-13.4991414743569
1,line,39.2946484375,-14.2104457125976
1,line,39.30978515625,-14.5993661471359
1,line,39.3219921875,-14.8592331557645
1,line,39.33419921875,-15.1056230364694
1,line,39.34640625,-15.2948555872729
1,line,39.3591015625,-15.4399224761728
1,line,39.37130859375,-15.5405782771241
1,line,39.383515625,-15.5891673694117
1,line,39.39572265625,-15.5796613404589
1,line,39.4079296875,-15.5235084549921
1,line,39.420625,-15.4198753295976
1,line,39.43283203125,-15.2641032953748
1,line,39.4450390625,-15.0646291816129
1,line,39.46017578125,-14.7412570650672
1,line,39.4753125,-14.3464458979588
1,line,39.48751953125,-13.9788709337782
1,line,39.50265625,-13.4575647463261
1,line,39.51779296875,-12.8902535416787
1,line,39.54513671875,-11.7559172591747
1,line,39.57296875,-10.4574550164447
1,line,39.60275390625,-8.83802507929462
1,line,39.63009765625,-7.25907522758281
1,line,39.6423046875,-6.53990465951247
1,line,39.65451171875,-5.73154530054094
1,line,39.66671875,-4.96435316165552
1,line,39.67892578125,-4.1502804416124
1,line,39.69064453125,-3.30922808529454
1,line,39.7028515625,-2.43855419522385
1,line,39.71798828125,-1.33469589167796
1,line,39.7301953125,-0.436696572721766
1,line,39.74533203125,0.736411378682234
1,line,39.7575390625,1.64604957530823
1,line,39.76974609375,2.59878412104249
1,line,39.781953125,3.54695072939995
1,line,39.79416015625,4.50608730151261
1,line,39.80880859375,5.68894536170688
1,line,39.82150390625,6.64413470215792
1,line,39.83322265625,7.57213246677457
1,line,39.848359375,8.67679840599653
1,line,39.8727734375,10.4054809929039
1,line,39.9001171875,12.2296623875158
1,line,39.930390625,14.0268885025141
1,line,39.9548046875,15.3028388206505
1,line,39.96701171875,15.8709422576285
1,line,39.97970703125,16.406373130433
1,line,39.9919140625,16.8673553880133
1,line,40.00412109375,17.2679980553428
1,line,40.016328125,17.6362400024368
1,line,40.0290234375,17.9360744968161
1,line,40.04123046875,18.1770528484156
1,line,40.0534375,18.3775828579585
1,line,40.06564453125,18.523314210682
1,line,40.0778515625,18.6106098774266
1,line,40.09005859375,18.6456361095708
1,line,40.10275390625,18.6359083635756
1,line,40.1149609375,18.5657242178077
1,line,40.12716796875,18.4430724137873
1,line,40.13986328125,18.2706915230691
1,line,40.1520703125,18.0459809460212
1,line,40.16427734375,17.7797622174648
1,line,40.18869140625,17.0746620848926
1,line,40.21310546875,16.2491583205223
1,line,40.23751953125,15.2434799180745
1,line,40.2653515625,13.9797054170311
1,line,40.2770703125,13.3815155699334
1,line,40.29220703125,12.6325685321067
1,line,40.3044140625,12.0171282542551
1,line,40.31955078125,11.2492432960748
1,line,40.3317578125,10.6511058284158
1,line,40.34396484375,9.99650399892064
1,line,40.356171875,9.38110379541782
1,line,40.36837890625,8.74439420742191
1,line,40.38009765625,8.10784040441548
1,line,40.3923046875,7.46004749597082
1,line,40.40744140625,6.65362088379089
1,line,40.4196484375,6.01971255099696
1,line,40.43185546875,5.32399050180727
1,line,40.4440625,4.67747952710832
1,line,40.45578125,4.00116131751622
1,line,40.4684765625,3.31666428746961
1,line,40.4801953125,2.60476508020788
1,line,40.5075390625,1.03711698395284
1,line,40.5348828125,-0.536598319462211
1,line,40.559296875,-1.98518490493849
1,line,40.586640625,-3.59678754111976
1,line,40.60177734375,-4.48578062470512
1,line,40.61642578125,-5.35780853420954
1,line,40.62912109375,-6.06134654613649
1,line,40.64083984375,-6.76339338386246
1,line,40.6559765625,-7.63213266358883
1,line,40.668671875,-8.29866524763626
1,line,40.6833203125,-9.13099770204686
1,line,40.69845703125,-9.93805800019446
1,line,40.71115234375,-10.5704490015714
1,line,40.72580078125,-11.3303624937233
1,line,40.7409375,-12.0495400238105
1,line,40.7536328125,-12.6097125249582
1,line,40.7653515625,-13.1322702620546
1,line,40.78048828125,-13.7430361687649
1,line,40.79318359375,-14.1976588643626
1,line,40.80490234375,-14.6057842249612
1,line,40.8200390625,-15.0499285471299
1,line,40.84494140625,-15.6259867212263
1,line,40.86984375,-16.0500808912137
1,line,40.8942578125,-16.2873518788475
1,line,40.918671875,-16.3005510575066
1,line,40.93087890625,-16.218237802228
1,line,40.9430859375,-16.0920069496436
1,line,40.95578125,-15.9077465074059
1,line,40.96798828125,-15.6742324189192
1,line,40.9801953125,-15.3888132209209
1,line,40.992890625,-15.0650817938023
1,line,41.0075390625,-14.5895839964686
1,line,41.020234375,-14.1500945793686
1,line,41.03244140625,-13.6604829233163
1,line,41.0446484375,-13.138042968954
1,line,41.059296875,-12.4705409093551
1,line,41.07150390625,-11.9030279796988
1,line,41.0837109375,-11.3222796508009
1,line,41.09884765625,-10.5617491168006
1,line,41.1110546875,-9.91881647779014
1,line,41.12619140625,-9.0930188684351
1,line,41.1383984375,-8.43460182703159
1,line,41.1628125,-7.01805154864681
1,line,41.18966796875,-5.35302121115795
1,line,41.21408203125,-3.79888870938909
1,line,41.2419140625,-1.9748797291055
1,line,41.2565625,-0.956511770996451
1,line,41.26876953125,-0.126059267922832
1,line,41.2809765625,0.781303472761286
1,line,41.29318359375,1.60144463427914
1,line,41.30490234375,2.46690500891564
1,line,41.31759765625,3.33123026093162
1,line,41.32931640625,4.21176490140903
1,line,41.344453125,5.31116309798602
1,line,41.3571484375,6.17950965192389
1,line,41.371796875,7.26652543650309
1,line,41.38693359375,8.29194956267204
1,line,41.39962890625,9.10877991857462
1,line,41.41427734375,10.0929420931415
1,line,41.4294140625,11.0198074203717
1,line,41.442109375,11.7562456635919
1,line,41.453828125,12.4656690069282
1,line,41.46896484375,13.2882343798014
1,line,41.49630859375,14.6698594550207
1,line,41.524140625,15.8724453123457
1,line,41.5485546875,16.730080700072
1,line,41.57345703125,17.4071506362169
1,line,41.5856640625,17.6656396190477
1,line,41.59787109375,17.8828171546017
1,line,41.61349609375,18.0734253011547
1,line,41.625703125,18.1722196090368
1,line,41.637421875,18.2294057752467
1,line,41.653046875,18.2234026591619
1,line,41.66525390625,18.158740754819
1,line,41.6774609375,18.0443298003327
1,line,41.69015625,17.8914336466885
1,line,41.70236328125,17.6828112633242
1,line,41.7145703125,17.4447938382148
1,line,41.727265625,17.132180275706
1,line,41.738984375,16.7800690944306
1,line,41.75119140625,16.3752450037548
1,line,41.76388671875,15.9207944538271
1,line,41.77609375,15.4628969363718
1,line,41.78830078125,14.9612509779203
1,line,41.81271484375,13.8550429028609
1,line,41.8395703125,12.5318319846459
1,line,41.8669140625,11.1606222520089
1,line,41.891328125,9.91552748786668
1,line,41.90646484375,9.14020760627231
1,line,41.918671875,8.53512134171889
1,line,41.93087890625,7.87534474235727
1,line,41.9430859375,7.27646210840583
1,line,41.9548046875,6.64753390841058
1,line,41.9675,6.00585328398807
1,line,41.9821484375,5.19522749577579
1,line,41.99728515625,4.37626756465532
1,line,42.00998046875,3.71027288140038
1,line,42.02462890625,2.84185477402588
1,line,42.039765625,1.98403526500985
1,line,42.05197265625,1.27884302351173
1,line,42.067109375,0.405187007676515
1,line,42.07931640625,-0.274941332592774
1,line,42.0915234375,-0.982182438795048
1,line,42.10373046875,-1.6837922613465
1,line,42.11837890625,-2.56250584485496
1,line,42.14572265625,-4.112484738324
1,line,42.1735546875,-5.65103304294934
1,line,42.20333984375,-7.3627744499527
1,line,42.22775390625,-8.70127822625677
1,line,42.242890625,-9.51605109917954
1,line,42.2555859375,-10.1520371475291
1,line,42.270234375,-10.9129985643108
1,line,42.28537109375,-11.6407792990019
1,line,42.29806640625,-12.1962319277251
1,line,42.30978515625,-12.7196250967223
1,line,42.324921875,-13.3361878062716
1,line,42.3376171875,-13.7990409102405
1,line,42.3493359375,-14.2214633042852
1,line,42.36447265625,-14.6797953022226
1,line,42.37716796875,-15.008467221655
1,line,42.389375,-15.3017303401532
1,line,42.40158203125,-15.5602596802962
1,line,42.41427734375,-15.7741320106254
1,line,42.42599609375,-15.9311574220794
1,line,42.438203125,-16.0322570898711
1,line,42.45041015625,-16.082909248481
1,line,42.4753125,-15.9824362599231
1,line,42.50021484375,-15.6802133380024
1,line,42.52462890625,-15.1640828362133
1,line,42.54904296875,-14.4466583867563
1,line,42.56125,-14.0173783278461
1,line,42.57296875,-13.5359424444382
1,line,42.5856640625,-13.0244342585226
1,line,42.6003125,-12.3603693825149
1,line,42.61251953125,-11.7893608239914
1,line,42.6247265625,-11.2002685875426
1,line,42.63986328125,-10.4250102828392
1,line,42.6520703125,-9.77589951677519
1,line,42.66720703125,-8.93300239812433
1,line,42.6794140625,-8.2327815845642
1,line,42.69162109375,-7.55293984224132
1,line,42.703828125,-6.78844024385034
1,line,42.71603515625,-6.07601224459096
1,line,42.72775390625,-5.31587424434578
1,line,42.74044921875,-4.53062804956028
1,line,42.75216796875,-3.75376629465459
1,line,42.7673046875,-2.76952985452324
1,line,42.7946484375,-0.946865958905217
1,line,42.8190625,0.739982491795611
1,line,42.84298828125,2.42248061211358
1,line,42.86740234375,4.14858063391872
1,line,42.8825390625,5.19809221511763
1,line,42.89474609375,6.00786436095648
1,line,42.906953125,6.91067614884702
1,line,42.91916015625,7.71009388225681
1,line,42.9313671875,8.53092156220484
1,line,42.94357421875,9.34914560534929
1,line,42.95578125,10.141144864486
1,line,42.9704296875,11.0930358580473
1,line,42.983125,11.8389064636651
1,line,42.99484375,12.5654598672641
1,line,43.00998046875,13.4426498222838
1,line,43.02267578125,14.1176817283324
1,line,43.03439453125,14.7517525569523
1,line,43.0466015625,15.3568095516066
1,line,43.05880859375,15.9353960510861
1,line,43.07150390625,16.4227695711084
1,line,43.0837109375,16.9043444691017
1,line,43.10861328125,17.7175497166921
1,line,43.13302734375,18.3366521154575
1,line,43.16037109375,18.7745088225373
1,line,43.1852734375,18.9755010229632
1,line,43.19748046875,18.9888341479518
1,line,43.2096875,18.949255987322
1,line,43.22189453125,18.848821298854
1,line,43.23458984375,18.7046685720781
1,line,43.246796875,18.4859146657225
1,line,43.258515625,18.2113763277656
1,line,43.2712109375,17.8763420824359
1,line,43.28341796875,17.4957237183766
1,line,43.295625,17.0678101123126
1,line,43.3083203125,16.5871845867919
1,line,43.32052734375,16.0695929020736
1,line,43.332734375,15.5170369452808
1,line,43.34494140625,14.8946416569059
1,line,43.3571484375,14.3032987847906
1,line,43.3688671875,13.664053521351
1,line,43.38107421875,13.0082311128262
1,line,43.39328125,12.333842738836
1,line,43.420625,10.8128559471729
1,line,43.4450390625,9.40036750537319
1,line,43.469453125,7.97873809117724
1,line,43.49630859375,6.36573890675982
1,line,43.50900390625,5.63524629350412
1,line,43.52365234375,4.73258036183
1,line,43.535859375,4.03221850973701
1,line,43.54806640625,3.24889302909321
1,line,43.5602734375,2.52375463861132
1,line,43.57248046875,1.79407119947936
1,line,43.58419921875,1.06158592602968
1,line,43.59640625,0.320744495027185
1,line,43.61154296875,-0.598654203258556
1,line,43.62375,-1.30857056955831
1,line,43.63595703125,-2.05916654917221
1,line,43.64767578125,-2.75409747374609
1,line,43.6628125,-3.62157831433505
1,line,43.6755078125,-4.3099335555642
1,line,43.6872265625,-4.99585353725338
1,line,43.70236328125,-5.83016186606149
1,line,43.71505859375,-6.51761950233986
1,line,43.7419140625,-8.00899676012506
1,line,43.7692578125,-9.45226905854453
1,line,43.79708984375,-10.8198863306535
1,line,43.8239453125,-12.0871825143508
1,line,43.836640625,-12.6086436574098
1,line,43.848359375,-13.1133327117844
1,line,43.86349609375,-13.7017019915089
1,line,43.87619140625,-14.1446900671137
1,line,43.88791015625,-14.5436078931377
1,line,43.903046875,-14.9835800721603
2,line,0.000214843749999361,0.205089600170962
2,line,0.0124218749999994,0.213210231704511
2,line,0.0246289062499994,0.249204320397926
2,line,0.0524609374999994,0.458097090513366
2,line,0.0768749999999994,0.707371062630142
2,line,0.101289062499999,1.01514188064155
2,line,0.125703124999999,1.37051714469916
2,line,0.138398437499999,1.57524614150133
2,line,0.150605468749999,1.78710848091366
2,line,0.162812499999999,2.02624875720554
2,line,0.175019531249999,2.28462204521105
2,line,0.187226562499999,2.56191725560909
2,line,0.199433593749999,2.86015886411118
2,line,0.212128906249999,3.1862641459996
2,line,0.224335937499999,3.51762790388561
2,line,0.236542968749999,3.86642859619517
2,line,0.248749999999999,4.23282170287569
2,line,0.261445312499999,4.62198904139532
2,line,0.273652343749999,5.01610484483662
2,line,0.285859374999999,5.42796755866553
2,line,0.298554687499999,5.86247142115811
2,line,0.310273437499999,6.27797347095423
2,line,0.322968749999999,6.70235814042561
2,line,0.335175781249999,7.14207930452789
2,line,0.359589843749999,7.96938357230375
2,line,0.384492187499999,8.79028026930472
2,line,0.408906249999999,9.58239426365319
2,line,0.433808593749999,10.3738233100685
2,line,0.446015624999999,10.7561435476802
2,line,0.458222656249999,11.1416034948908
2,line,0.470429687499999,11.4999747934074
2,line,0.483124999999999,11.8426083400655
2,line,0.495332031249999,12.1823996699544
2,line,0.510468749999999,12.5785579329486
2,line,0.523164062499999,12.8853635475718
2,line,0.535371093749999,13.192093042404
2,line,0.550507812499999,13.5059615710301
2,line,0.562714843749999,13.7538641396719
2,line,0.574921874999999,13.9833048431485
2,line,0.587617187499999,14.1719386380081
2,line,0.599824218749999,14.3404338594143
2,line,0.612031249999999,14.4808103868759
2,line,0.624726562499999,14.5914713286632
2,line,0.636933593749999,14.6675464107121
2,line,0.649140624999999,14.7085637572531
2,line,0.673554687499999,14.7262138545162
2,line,0.698457031249999,14.6271214108507
2,line,0.722871093749999,14.4412704253224
2,line,0.747773437499999,14.1886883420574
2,line,0.759980468749999,14.0375148596076
2,line,0.772187499999999,13.8637488784099
2,line,0.784882812499999,13.672208401968
2,line,0.797089843749999,13.4723973939891
2,line,0.809296874999999,13.2644382040834
2,line,0.821992187499999,13.03242681924
2,line,0.834199218749999,12.7985004899974
2,line,0.846406249999999,12.5535064469304
2,line,0.858613281249999,12.2810202910489
2,line,0.873749999999999,11.9583977874406
2,line,0.885957031249999,11.7035476004044
2,line,0.898164062499999,11.4296008264074
2,line,0.910859374999999,11.1771236003426
2,line,0.923066406249999,10.8945772249138
2,line,0.935273437499999,10.6435920791643
2,line,0.947968749999999,10.3715421998827
2,line,0.960175781249999,10.1170144125917
2,line,0.984589843749999,9.63082880146864
2,line,1.01193359375,9.13714578649474
2,line,1.0368359375,8.73920982285747
2,line,1.06125,8.38772454429651
2,line,1.0739453125,8.2453595369676
2,line,1.08615234375,8.09773239424608
2,line,1.098359375,7.96214865507097
2,line,1.11056640625,7.82174575493303
2,line,1.1227734375,7.69038474191588
2,line,1.13791015625,7.54152585619108
2,line,1.15060546875,7.42361382544129
2,line,1.1628125,7.33343830376627
2,line,1.17501953125,7.23965312192456
2,line,1.18771484375,7.14474925667907
2,line,1.199921875,7.04645706098801
2,line,1.21212890625,6.96152381412292
2,line,1.22384765625,6.87478706959919
2,line,1.23947265625,6.77246666069762
2,line,1.2516796875,6.69639662778993
2,line,1.26388671875,6.61508262482897
2,line,1.27658203125,6.5330798705302
2,line,1.30099609375,6.34210955451721
2,line,1.32541015625,6.16303762972089
2,line,1.3503125,5.99697051089735
2,line,1.3747265625,5.85275564964441
2,line,1.38693359375,5.78087962610811
2,line,1.39962890625,5.71435449562968
2,line,1.4118359375,5.6461807432506
2,line,1.42404296875,5.57296195726852
2,line,1.43625,5.48971424820352
2,line,1.44845703125,5.41126491365214
2,line,1.4606640625,5.32112150490188
2,line,1.473359375,5.21899438640673
2,line,1.48556640625,5.10442439877183
2,line,1.4977734375,4.97245763435483
2,line,1.50998046875,4.82178550985764
2,line,1.5251171875,4.61042650159454
2,line,1.53732421875,4.42339824045603
2,line,1.54953125,4.21252233259077
2,line,1.5622265625,4.00796964360404
2,line,1.57443359375,3.77561687864187
2,line,1.586640625,3.51436959392994
2,line,1.6110546875,2.95930761385543
2,line,1.63595703125,2.33694075224136
2,line,1.66037109375,1.63926259111536
2,line,1.68478515625,0.850887014408386
2,line,1.6969921875,0.428670747263974
2,line,1.70919921875,-0.015879733969429
2,line,1.72189453125,-0.45185559296488
2,line,1.7341015625,-0.93646905803251
2,line,1.74630859375,-1.4155128730448
2,line,1.758515625,-1.93394472398352
2,line,1.77072265625,-2.44914854335846
2,line,1.7829296875,-2.96790743510346
2,line,1.795625,-3.51090371793097
2,line,1.80783203125,-4.05218961650325
2,line,1.8200390625,-4.5993331001516
2,line,1.83224609375,-5.17775753635205
2,line,1.84494140625,-5.70286480875598
2,line,1.8571484375,-6.23867218161102
2,line,1.86935546875,-6.77122364804409
2,line,1.88205078125,-7.31779388863005
2,line,1.8942578125,-7.82539475915249
2,line,1.91916015625,-8.80403343633794
2,line,1.94357421875,-9.70106884265856
2,line,1.96798828125,-10.4941695729557
2,line,1.992890625,-11.1972683693565
2,line,2.00509765625,-11.5288800187859
2,line,2.0173046875,-11.8160756020464
2,line,2.02951171875,-12.0707167829724
2,line,2.04220703125,-12.2849541936232
2,line,2.0544140625,-12.4544093394472
2,line,2.06662109375,-12.5768195190792
2,line,2.07931640625,-12.6488654194849
2,line,2.0915234375,-12.6932234845841
2,line,2.10373046875,-12.6905161344773
2,line,2.1159375,-12.6462057229742
2,line,2.1286328125,-12.5672584557349
2,line,2.14083984375,-12.4450799034346
2,line,2.15255859375,-12.2773964191624
2,line,2.16525390625,-12.061341713826
2,line,2.1774609375,-11.8055294410241
2,line,2.18966796875,-11.5060626475083
2,line,2.20236328125,-11.1896572304304
2,line,2.22677734375,-10.4686647574373
2,line,2.25119140625,-9.60814281194611
2,line,2.27560546875,-8.63694950415513
2,line,2.3005078125,-7.53069791134427
2,line,2.31271484375,-6.95117474023308
2,line,2.32541015625,-6.33280219000942
2,line,2.3376171875,-5.69956487239507
2,line,2.34982421875,-5.03710924234284
2,line,2.36203125,-4.31318082372834
2,line,2.37423828125,-3.61153397744375
2,line,2.38986328125,-2.68972652446165
2,line,2.40158203125,-1.88876747753159
2,line,2.41427734375,-1.11166925267674
2,line,2.426484375,-0.306980047939346
2,line,2.43869140625,0.513168840232239
2,line,2.45138671875,1.349464301751
2,line,2.46359375,2.1936469696624
2,line,2.47580078125,3.03828334575494
2,line,2.4880078125,3.92565325085588
2,line,2.50021484375,4.77003043603955
2,line,2.5153515625,5.81636111432999
2,line,2.54025390625,7.52950471221758
2,line,2.56515625,9.17318660271125
2,line,2.5895703125,10.7637813037212
2,line,2.613984375,12.2661433603146
2,line,2.62619140625,12.9618895273953
2,line,2.63888671875,13.6208529825654
2,line,2.65109375,14.2641237630401
2,line,2.66330078125,14.8524341103107
2,line,2.6755078125,15.3912825139484
2,line,2.68869140625,15.9132502018354
2,line,2.7008984375,16.3746612535924
2,line,2.71310546875,16.8031934941827
2,line,2.7253125,17.1803416515207
2,line,2.7380078125,17.5020296860977
2,line,2.750703125,17.7702646876089
2,line,2.76291015625,18.0037765408863
2,line,2.77560546875,18.1887227749022
2,line,2.7878125,18.3354519476585
2,line,2.8005078125,18.4265132464737
2,line,2.813203125,18.4563413854273
2,line,2.82541015625,18.4374164089943
2,line,2.8503125,18.2447665223978
2,line,2.87521484375,17.8640050733247
2,line,2.9001171875,17.2605446212709
2,line,2.92501953125,16.5105753726096
2,line,2.93771484375,16.0603626151978
2,line,2.949921875,15.5874895402059
2,line,2.96212890625,15.0532996100185
2,line,2.97482421875,14.5264285936576
2,line,2.98703125,13.9967333777552
2,line,2.99923828125,13.43418838925
2,line,3.01193359375,12.8330912381236
2,line,3.02365234375,12.2488880415575
2,line,3.035859375,11.6482298155682
2,line,3.04806640625,11.0087866598737
2,line,3.06076171875,10.3955986023572
2,line,3.07296875,9.77580809569464
2,line,3.08517578125,9.15007566015139
2,line,3.09787109375,8.5154696579452
2,line,3.110078125,7.87273569590908
2,line,3.12228515625,7.20752935081655
2,line,3.1344921875,6.49445235796534
2,line,3.1618359375,4.93035880689313
2,line,3.18673828125,3.49907499831838
2,line,3.21115234375,2.0373705239937
2,line,3.23556640625,0.597300757519988
2,line,3.25119140625,-0.283087606495811
2,line,3.2633984375,-1.04684182497329
2,line,3.27560546875,-1.74317895588184
2,line,3.2878125,-2.41813828276725
2,line,3.3005078125,-3.11350692972797
2,line,3.31271484375,-3.8201281972542
2,line,3.324921875,-4.50880517282079
2,line,3.33712890625,-5.21157855737324
2,line,3.3493359375,-5.8733153888196
2,line,3.36154296875,-6.53163959478775
2,line,3.37375,-7.19167655651084
2,line,3.389375,-7.95986493608033
2,line,3.4020703125,-8.55567220496379
2,line,3.41427734375,-9.15357135577857
2,line,3.426484375,-9.711686401827
2,line,3.43869140625,-10.2502707121225
2,line,3.4508984375,-10.7528268255255
2,line,3.47580078125,-11.6995852020497
2,line,3.500703125,-12.5148020951548
2,line,3.5251171875,-13.206677746622
2,line,3.55001953125,-13.7475176024469
2,line,3.5622265625,-13.9455873976927
2,line,3.57443359375,-14.0982211883943
2,line,3.58712890625,-14.2021092204126
2,line,3.5993359375,-14.2502296730125
2,line,3.61154296875,-14.2526015157716
2,line,3.62375,-14.2050701155782
2,line,3.63595703125,-14.1154037274246
2,line,3.6481640625,-13.9735317772778
2,line,3.660859375,-13.7848461850138
2,line,3.67306640625,-13.5388549668425
2,line,3.6852734375,-13.2465878605172
2,line,3.69748046875,-12.9237584968411
2,line,3.71017578125,-12.573591191729
2,line,3.72189453125,-12.208476953974
2,line,3.73458984375,-11.8005964953076
2,line,3.746796875,-11.3229722904214
2,line,3.75900390625,-10.8293691783984
2,line,3.78390625,-9.72456837930253
2,line,3.8083203125,-8.52443331574145
2,line,3.83322265625,-7.12798109478927
2,line,3.8571484375,-5.64476030335624
2,line,3.86984375,-4.8088938778352
2,line,3.88205078125,-3.98869615551878
2,line,3.8942578125,-3.1615931091334
2,line,3.906953125,-2.28883575860908
2,line,3.91916015625,-1.40330137781975
2,line,3.9313671875,-0.509231076130413
2,line,3.94357421875,0.446944433454169
2,line,3.95919921875,1.57505987605392
2,line,3.97140625,2.50387758892673
2,line,3.983125,3.47763674562697
2,line,3.9958203125,4.38925740176828
2,line,4.00802734375,5.30095233379202
2,line,4.020234375,6.17197926911542
2,line,4.0329296875,7.107755144975
2,line,4.04513671875,7.98572848091388
2,line,4.05734375,8.83742212416971
2,line,4.06955078125,9.70023436839973
2,line,4.09396484375,11.2921661132763
2,line,4.121796875,12.9319553998915
2,line,4.1462109375,14.2340082371115
2,line,4.17453125,15.460918473985
2,line,4.18673828125,15.9559668153316
2,line,4.19943359375,16.3805867324246
2,line,4.211640625,16.7952339438991
2,line,4.2243359375,17.1494138817414
2,line,4.23654296875,17.4545232297954
2,line,4.24923828125,17.6950958872555
2,line,4.2614453125,17.8723661265367
2,line,4.274140625,18.0012940451881
2,line,4.28634765625,18.0701100868013
2,line,4.29904296875,18.0730208346586
2,line,4.31173828125,18.0071822236307
2,line,4.3239453125,17.8846246146071
2,line,4.33615234375,17.7036873177652
2,line,4.348359375,17.4718344575663
2,line,4.3610546875,17.2085911579956
2,line,4.37375,16.884031304314
2,line,4.38595703125,16.5145952009554
2,line,4.410859375,15.707270219836
2,line,4.43576171875,14.7521492460393
2,line,4.46017578125,13.7029532670742
2,line,4.485078125,12.5537204774289
2,line,4.49728515625,11.9145674920536
2,line,4.5094921875,11.2786124446208
2,line,4.5221875,10.6154732126461
2,line,4.53439453125,9.91779653619936
2,line,4.5466015625,9.20438919413648
2,line,4.55880859375,8.41968187032153
2,line,4.5739453125,7.47086983085276
2,line,4.58615234375,6.67406214426658
2,line,4.59884765625,5.83974299888836
2,line,4.6110546875,5.04674772310774
2,line,4.62326171875,4.18540839835815
2,line,4.63595703125,3.30698222486541
2,line,4.64767578125,2.44498880135367
2,line,4.6598828125,1.55319531419669
2,line,4.67208984375,0.643000836387715
2,line,4.68478515625,-0.185739301645497
2,line,4.6969921875,-1.10849524349253
2,line,4.72189453125,-2.87249952666197
2,line,4.74630859375,-4.60911557691851
2,line,4.77072265625,-6.34697771187263
2,line,4.7985546875,-8.20781798888363
2,line,4.81076171875,-8.97871031517036
2,line,4.82296875,-9.73183394569581
2,line,4.83517578125,-10.4848059819789
2,line,4.84787109375,-11.1795162757396
2,line,4.860078125,-11.8284589742914
2,line,4.87228515625,-12.4552412358351
2,line,4.88498046875,-13.0812812389906
2,line,4.8971875,-13.6192646283653
2,line,4.90939453125,-14.1300818457126
2,line,4.92208984375,-14.5978077737821
2,line,4.934296875,-14.995843247698
2,line,4.94650390625,-15.3489017742908
2,line,4.95919921875,-15.6449091446783
2,line,4.97140625,-15.8685299081428
2,line,4.9841015625,-16.034669850097
2,line,4.99630859375,-16.1425494679251
2,line,5.00900390625,-16.1785518907434
2,line,5.03341796875,-16.0475386804172
2,line,5.05880859375,-15.6578660327031
2,line,5.0837109375,-15.0859851248763
2,line,5.108125,-14.3433799878581
2,line,5.12033203125,-13.8718606300798
2,line,5.13302734375,-13.3683636056884
2,line,5.145234375,-12.8300714653335
2,line,5.15744140625,-12.2515533457886
2,line,5.1696484375,-11.5823847731913
2,line,5.18185546875,-10.9160529191635
2,line,5.1940625,-10.2005747947815
2,line,5.2067578125,-9.42145442177725
2,line,5.21896484375,-8.63053180282176
2,line,5.231171875,-7.79863917383321
2,line,5.2438671875,-6.92581003151665
2,line,5.25607421875,-6.01432288770733
2,line,5.26828125,-5.10223486433075
2,line,5.28048828125,-4.10082452681948
2,line,5.29318359375,-3.11645304258194
2,line,5.305390625,-2.10505635614417
2,line,5.31759765625,-1.08386716237261
2,line,5.34201171875,1.02019464420582
2,line,5.3669140625,3.07920578818148
2,line,5.391328125,5.12175432758971
2,line,5.4157421875,7.21276587258986
2,line,5.4284375,8.20560847909132
2,line,5.44015625,9.17772044792067
2,line,5.4528515625,10.1698705602385
2,line,5.46505859375,11.0868063445083
2,line,5.477265625,11.9695373129007
2,line,5.4899609375,12.8330391479639
2,line,5.50216796875,13.6320291168924
2,line,5.514375,14.409521953624
2,line,5.52658203125,15.1349282050868
2,line,5.53927734375,15.800657489095
2,line,5.551484375,16.4431582946004
2,line,5.5641796875,17.0099452126388
2,line,5.576875,17.5504515053108
2,line,5.58908203125,18.0069946613241
2,line,5.6012890625,18.4257103949033
2,line,5.613984375,18.7647766936037
2,line,5.6266796875,19.027356933301
2,line,5.65158203125,19.3656555416289
2,line,5.676484375,19.4144192500027
2,line,5.70138671875,19.1780485649304
2,line,5.72580078125,18.713883319092
2,line,5.73849609375,18.3863998195525
2,line,5.750703125,18.0422170924669
2,line,5.7633984375,17.6453479439757
2,line,5.77609375,17.1847236752576
2,line,5.78830078125,16.713609678361
2,line,5.8005078125,16.1927169452937
2,line,5.813203125,15.6224914190897
2,line,5.82541015625,15.0599805865713
2,line,5.8376171875,14.4674258046333
2,line,5.84982421875,13.8267008733972
2,line,5.86251953125,13.175756489295
2,line,5.8747265625,12.4993837043892
2,line,5.88693359375,11.8208879054214
2,line,5.89962890625,11.0626532221613
2,line,5.91134765625,10.2985847252794
2,line,5.92404296875,9.50930413623495
2,line,5.93625,8.6694742614275
2,line,5.96359375,6.79571870978037
2,line,5.98849609375,5.05205466178364
2,line,6.01291015625,3.26675624345619
2,line,6.0378125,1.51054183686018
2,line,6.04953125,0.623321980574714
2,line,6.0622265625,-0.299816542608942
2,line,6.07443359375,-1.17115261764958
2,line,6.086640625,-2.03422440720277
2,line,6.0993359375,-2.98965986721065
2,line,6.11154296875,-3.91862921568387
2,line,6.12375,-4.85030405942503
2,line,6.1364453125,-5.79764456731703
2,line,6.1481640625,-6.70447454354972
2,line,6.16037109375,-7.58580248820877
2,line,6.172578125,-8.47469664940278
2,line,6.1852734375,-9.31295334361024
2,line,6.19748046875,-10.1254637469695
2,line,6.2096875,-10.9007192819836
2,line,6.2223828125,-11.670933991053
2,line,6.23458984375,-12.4004995170421
2,line,6.2497265625,-13.2450087890183
2,line,6.27462890625,-14.4861232055068
2,line,6.29953125,-15.4867218743775
2,line,6.32443359375,-16.2342796376299
2,line,6.3493359375,-16.7402582816294
2,line,6.36154296875,-16.8756238308624
2,line,6.37423828125,-16.9301561289655
2,line,6.38693359375,-16.9150160646872
2,line,6.399140625,-16.8273660479225
2,line,6.41134765625,-16.6846191470686
2,line,6.42404296875,-16.4788463448334
2,line,6.43625,-16.2283317865639
2,line,6.4489453125,-15.9317256406121
2,line,6.461640625,-15.5522405427796
2,line,6.47384765625,-15.1336524860691
2,line,6.4860546875,-14.6448555980757
2,line,6.49826171875,-14.1162091008848
2,line,6.51095703125,-13.5466898319315
2,line,6.5231640625,-12.9167029548957
2,line,6.53537109375,-12.2528734093926
2,line,6.547578125,-11.4944496551181
2,line,6.55978515625,-10.7262683757082
2,line,6.5846875,-9.03875221645811
2,line,6.6091015625,-7.27060486911529
2,line,6.63400390625,-5.34067997918102
2,line,6.6579296875,-3.33912367937771
2,line,6.670625,-2.25999770015482
2,line,6.68283203125,-1.23608877221503
2,line,6.6950390625,-0.199933357507941
2,line,6.707734375,0.848631522983127
2,line,6.71994140625,1.89524087926625
2,line,6.7321484375,2.9297167625859
2,line,6.74435546875,3.9815310865509
2,line,6.75998046875,5.23810194227558
2,line,6.7721875,6.25173727582556
2,line,6.78390625,7.30657159444867
2,line,6.79953125,8.53790991568014
2,line,6.8122265625,9.50965340568707
2,line,6.82443359375,10.5009466993325
2,line,6.836640625,11.4173323720624
2,line,6.84884765625,12.3091080876912
2,line,6.8610546875,13.1478873509519
2,line,6.87375,13.9891636158472
2,line,6.8981640625,15.503456468105
2,line,6.9235546875,16.8488644277316
2,line,6.94845703125,18.0078231237837
2,line,6.973359375,18.9127939329448
2,line,6.98556640625,19.27687116893
2,line,6.99826171875,19.5686901958539
2,line,7.01046875,19.8030679574262
2,line,7.02267578125,19.9515727391307
2,line,7.03537109375,20.0271389300398
2,line,7.04806640625,20.0313438236971
2,line,7.0602734375,19.9793481943587
2,line,7.07296875,19.8573754755599
2,line,7.08517578125,19.6763698910014
2,line,7.09787109375,19.4315276987655
2,line,7.110078125,19.1471122200442
2,line,7.1227734375,18.8209403103957
2,line,7.13498046875,18.4413380611947
2,line,7.1471875,17.9893779325953
2,line,7.1598828125,17.5152903754364
2,line,7.172578125,17.0067118583193
2,line,7.18478515625,16.4610670079547
2,line,7.2096875,15.2167336509564
2,line,7.23458984375,13.8726514615941
2,line,7.25900390625,12.4064436755233
2,line,7.28634765625,10.5712828889572
2,line,7.29904296875,9.73504450750882
2,line,7.31076171875,8.84057336171607
2,line,7.32345703125,7.97791402220159
2,line,7.3356640625,7.08977370038448
2,line,7.34787109375,6.20005424901513
2,line,7.36056640625,5.29222116558826
2,line,7.3727734375,4.37794125293281
2,line,7.38498046875,3.463278238096
2,line,7.3971875,2.48648154958077
2,line,7.40939453125,1.56131963621982
2,line,7.4216015625,0.642242672935654
2,line,7.434296875,-0.267840829287564
2,line,7.44650390625,-1.16569298009711
2,line,7.4587109375,-2.08676356402994
2,line,7.47091796875,-3.00073910486643
2,line,7.483125,-3.95871504977224
2,line,7.49826171875,-5.09250995368976
2,line,7.5231640625,-6.92079613547751
2,line,7.5505078125,-8.8133008098285
2,line,7.57541015625,-10.4238414071096
2,line,7.6003125,-11.8954532960611
2,line,7.61251953125,-12.5955834940919
2,line,7.6247265625,-13.2903762954245
2,line,7.637421875,-13.9007015412581
2,line,7.64962890625,-14.4570801371988
2,line,7.6618359375,-14.9646107608238
2,line,7.67404296875,-15.4340640653537
2,line,7.68673828125,-15.8408898961771
2,line,7.6989453125,-16.1814028320915
2,line,7.711640625,-16.4755817269765
2,line,7.7243359375,-16.7114962646182
2,line,7.73654296875,-16.8631439371179
2,line,7.74875,-16.9386755763522
2,line,7.7614453125,-16.9546163697429
2,line,7.77365234375,-16.897707516164
2,line,7.78634765625,-16.7950115012028
2,line,7.7985546875,-16.6403194059947
2,line,7.81125,-16.4427907508947
2,line,7.8356640625,-15.8558497975302
2,line,7.8610546875,-15.0127334283969
2,line,7.88595703125,-13.9479974211472
2,line,7.91037109375,-12.7015430740065
2,line,7.922578125,-11.9619060537079
2,line,7.93771484375,-11.0288857628264
2,line,7.949921875,-10.2156412784507
2,line,7.9626171875,-9.32138643661566
2,line,7.97482421875,-8.42380376096323
2,line,7.98703125,-7.48058217179871
2,line,7.99923828125,-6.52166561434962
2,line,8.01193359375,-5.51404801750306
2,line,8.024140625,-4.47339921150583
2,line,8.03634765625,-3.41247642429558
2,line,8.0485546875,-2.26870441023895
2,line,8.06076171875,-1.18318623713732
2,line,8.07296875,-0.0824498029323123
2,line,8.0856640625,1.02953707971289
2,line,8.09787109375,2.15683398459824
2,line,8.110078125,3.2581321546736
2,line,8.12228515625,4.39524461985629
2,line,8.14669921875,6.54610519854698
2,line,8.1716015625,8.68368384524554
2,line,8.196015625,10.7034394172916
2,line,8.22091796875,12.5823326848833
2,line,8.233125,13.4653378592428
2,line,8.2458203125,14.3262315872938
2,line,8.25802734375,15.1089644547332
2,line,8.270234375,15.8531008142788
2,line,8.28244140625,16.5602166280776
2,line,8.29513671875,17.2209642571559
2,line,8.30734375,17.8179245264442
2,line,8.3200390625,18.3516717373037
2,line,8.332734375,18.8330901658627
2,line,8.34494140625,19.2505410438001
2,line,8.3571484375,19.5766855735424
2,line,8.37033203125,19.8492591525578
2,line,8.3825390625,20.0404524384348
2,line,8.39474609375,20.1663007024527
2,line,8.406953125,20.2148252178752
2,line,8.4196484375,20.1872993485498
2,line,8.43234375,20.0909850185973
2,line,8.45724609375,19.7223614773362
2,line,8.48166015625,19.1136400302165
2,line,8.5065625,18.3436159441749
2,line,8.531953125,17.3935480716533
2,line,8.54416015625,16.8407777020672
2,line,8.5563671875,16.2777682669844
2,line,8.56857421875,15.6643453105611
2,line,8.58126953125,15.0404972345989
2,line,8.59396484375,14.3870229483658
2,line,8.60568359375,13.7022695125793
2,line,8.61837890625,12.9455415025496
2,line,8.6305859375,12.1856133054043
2,line,8.64279296875,11.4005076418914
2,line,8.65548828125,10.581762232884
2,line,8.6676953125,9.73736450325067
2,line,8.67990234375,8.8852589973316
2,line,8.692109375,7.97080589276677
2,line,8.70431640625,7.08602661050228
2,line,8.7165234375,6.18428475477362
2,line,8.72873046875,5.262117496683
2,line,8.74142578125,4.34479895281656
2,line,8.76583984375,2.47051740065806
2,line,8.79025390625,0.547118663001308
2,line,8.8180859375,-1.55954446971268
2,line,8.8425,-3.43654417958678
2,line,8.8551953125,-4.37919409593037
2,line,8.86740234375,-5.31176012663716
2,line,8.879609375,-6.23301756155477
2,line,8.89181640625,-7.17044175958729
2,line,8.90451171875,-8.0568985052686
2,line,8.91623046875,-8.91262828213593
2,line,8.9284375,-9.74300979395738
2,line,8.9411328125,-10.5737205831819
2,line,8.95333984375,-11.3423303208648
2,line,8.965546875,-12.0744649152141
2,line,8.9782421875,-12.8118593732675
2,line,8.99044921875,-13.4855415329365
2,line,9.00265625,-14.1278165813621
2,line,9.01486328125,-14.7445324210266
2,line,9.02755859375,-15.3232402755544
2,line,9.039765625,-15.8222159137837
2,line,9.0524609375,-16.2580936537906
2,line,9.07736328125,-16.9746707608018
2,line,9.102265625,-17.4226600645524
2,line,9.12716796875,-17.6053466720534
2,line,9.1520703125,-17.4984159088058
2,line,9.164765625,-17.3363753006421
2,line,9.17697265625,-17.1080353766515
2,line,9.18966796875,-16.8413247396596
2,line,9.201875,-16.5163506475289
2,line,9.21408203125,-16.1282970407336
2,line,9.22677734375,-15.6729962926178
2,line,9.238984375,-15.1630766169322
2,line,9.2516796875,-14.5977649933011
2,line,9.26388671875,-13.9526773941616
2,line,9.27609375,-13.286312728212
2,line,9.29123046875,-12.3714892101799
2,line,9.30392578125,-11.5606107434483
2,line,9.3161328125,-10.7667089566984
2,line,9.32833984375,-9.8615981326769
2,line,9.340546875,-8.96104605783848
2,line,9.3532421875,-8.00044984543641
2,line,9.36544921875,-7.01796298038252
2,line,9.38986328125,-4.91833131464655
2,line,9.41427734375,-2.7760935632694
2,line,9.4391796875,-0.547133134488243
2,line,9.46359375,1.72916775474734
2,line,9.47580078125,2.84230623675551
2,line,9.4880078125,3.94603809435366
2,line,9.50021484375,5.06853689327963
2,line,9.51291015625,6.07212257850576
2,line,9.5251171875,7.14830377099371
2,line,9.53732421875,8.11014805556363
2,line,9.55001953125,9.1392330483094
2,line,9.5622265625,10.1053444411344
2,line,9.57443359375,11.0252808131363
2,line,9.58712890625,11.9574581936007
2,line,9.59884765625,12.8271679326867
2,line,9.6110546875,13.6387208579
2,line,9.62326171875,14.4452019845238
2,line,9.63595703125,15.1665807314395
2,line,9.64865234375,15.8184835770314
2,line,9.660859375,16.4361522421844
2,line,9.6735546875,17.0247412551706
2,line,9.69845703125,17.9904032861052
2,line,9.723359375,18.7598104184813
2,line,9.74826171875,19.3069964069272
2,line,9.7731640625,19.5927966020351
2,line,9.78537109375,19.6542309198232
2,line,9.79806640625,19.6500258611134
2,line,9.8102734375,19.5749621580369
2,line,9.82248046875,19.4398189574071
2,line,9.83517578125,19.2422487558075
2,line,9.84787109375,19.005746046133
2,line,9.860078125,18.7144711513898
2,line,9.8727734375,18.3576629123493
2,line,9.88498046875,17.9420459910805
2,line,9.8971875,17.5303351077208
2,line,9.91037109375,17.0719973434608
2,line,9.922578125,16.5803208883374
2,line,9.93478515625,16.0455102369413
2,line,9.9469921875,15.499361573316
2,line,9.9596875,14.8938374899861
2,line,9.97189453125,14.2986329882442
2,line,9.9841015625,13.6811775110543
2,line,10.00900390625,12.3791874445177
2,line,10.03341796875,10.9400611663788
2,line,10.06076171875,9.25809620969309
2,line,10.0856640625,7.67424918279958
2,line,10.09787109375,6.82680850366715
2,line,10.110078125,5.99804585357085
2,line,10.1227734375,5.18420148118769
2,line,10.13498046875,4.3494691500766
2,line,10.14669921875,3.49305692989666
2,line,10.15939453125,2.62669046286229
2,line,10.1716015625,1.76777577938683
2,line,10.18380859375,0.910661526343304
2,line,10.19650390625,0.0498330548169162
2,line,10.2087109375,-0.821215253616831
2,line,10.22091796875,-1.67424264509136
2,line,10.233125,-2.56997551131878
2,line,10.24533203125,-3.43860145001333
2,line,10.2575390625,-4.31519384470337
2,line,10.26974609375,-5.18768163081613
2,line,10.28244140625,-6.04871587010886
2,line,10.2946484375,-6.91171279115464
2,line,10.31955078125,-8.6274272149153
2,line,10.34396484375,-10.2256931452036
2,line,10.36837890625,-11.7431228808248
2,line,10.39279296875,-13.1461863542544
2,line,10.40841796875,-13.9209733951617
2,line,10.42111328125,-14.5149882092972
2,line,10.4333203125,-15.0753067721292
2,line,10.446015625,-15.59389803392
2,line,10.45822265625,-16.0333592994338
2,line,10.4704296875,-16.4208756299469
2,line,10.483125,-16.7457050635278
2,line,10.49533203125,-16.995900186367
2,line,10.50802734375,-17.182863159597
2,line,10.52072265625,-17.3079585220649
2,line,10.5329296875,-17.3644293831587
2,line,10.54513671875,-17.3508415870444
2,line,10.55783203125,-17.261884775331
2,line,10.57052734375,-17.0992257434702
2,line,10.582734375,-16.8702645841759
2,line,10.59494140625,-16.5781900298262
2,line,10.60763671875,-16.2204856738584
2,line,10.6325390625,-15.421292623864
2,line,10.656953125,-14.3939566252377
2,line,10.68185546875,-13.1626128712463
2,line,10.70626953125,-11.8196862407585
2,line,10.7184765625,-11.08338589843
2,line,10.731171875,-10.3341814940684
2,line,10.74337890625,-9.52881321902986
2,line,10.7555859375,-8.6969007247298
2,line,10.76779296875,-7.80343906619972
2,line,10.78,-6.91367985515385
2,line,10.79220703125,-5.99467683415656
2,line,10.80490234375,-5.00420422830858
2,line,10.817109375,-4.03841894361833
2,line,10.82931640625,-3.06172996518573
2,line,10.8415234375,-2.05611139332528
2,line,10.85421875,-1.05269033978921
2,line,10.86642578125,-0.0360819478714327
2,line,10.87814453125,0.957278547163669
2,line,10.89083984375,2.00745288017584
2,line,10.903046875,3.02850366654392
2,line,10.91525390625,4.02478799693231
2,line,10.94015625,5.99175418760536
2,line,10.9645703125,8.02784991809391
2,line,10.99240234375,10.1870630233489
2,line,11.01681640625,12.0428150547929
2,line,11.0290234375,12.9129560885615
2,line,11.04123046875,13.7525485520763
2,line,11.05392578125,14.5950540276252
2,line,11.0661328125,15.3782163157934
2,line,11.07833984375,16.1057702907471
2,line,11.0915234375,16.8036533923267
2,line,11.10373046875,17.4336993441105
2,line,11.1159375,18.0314588863862
2,line,11.1286328125,18.5713755921633
2,line,11.141328125,19.0383097828953
2,line,11.15353515625,19.4746528110636
2,line,11.1657421875,19.8513785541629
2,line,11.1784375,20.1625579732317
2,line,11.1911328125,20.4021840380314
2,line,11.20333984375,20.5747487733776
2,line,11.21603515625,20.6805383843706
2,line,11.2282421875,20.7031944909411
2,line,11.2536328125,20.5464849538976
2,line,11.278046875,20.1005643588049
2,line,11.30294921875,19.413383945828
2,line,11.3278515625,18.4718040973074
2,line,11.340546875,17.9422609539271
2,line,11.35275390625,17.3782573898809
2,line,11.3649609375,16.7732156782448
2,line,11.37814453125,16.10859643455
2,line,11.3903515625,15.4423862311852
2,line,11.40255859375,14.7351812985673
2,line,11.41525390625,13.9827166875912
2,line,11.42697265625,13.2312065367921
2,line,11.43966796875,12.463175798338
2,line,11.451875,11.644696574674
2,line,11.46408203125,10.844823540866
2,line,11.4762890625,10.0265006828755
2,line,11.48849609375,9.1839641201942
2,line,11.50119140625,8.32919484924764
2,line,11.5133984375,7.45647156582667
2,line,11.52560546875,6.58410172997934
2,line,11.5378125,5.66151818556993
2,line,11.56857421875,3.47350922687926
2,line,11.59298828125,1.68553314722564
2,line,11.617890625,-0.0267640455584308
2,line,11.64181640625,-1.7315164196308
2,line,11.65451171875,-2.58278859906377
2,line,11.66671875,-3.40450411669229
2,line,11.67892578125,-4.23863594759779
2,line,11.6911328125,-5.03796877970385
2,line,11.703828125,-5.87924274912803
2,line,11.71603515625,-6.68898849009581
2,line,11.7282421875,-7.49250713226261
2,line,11.74044921875,-8.31646950404274
2,line,11.75265625,-9.08855961569468
2,line,11.7653515625,-9.84132340490875
2,line,11.77755859375,-10.6026562533438
2,line,11.789765625,-11.3173516183524
2,line,11.80197265625,-12.0193722888494
2,line,11.8141796875,-12.7045591748662
2,line,11.826875,-13.3484754348513
2,line,11.83908203125,-13.9459125481552
2,line,11.8512890625,-14.5069790969524
2,line,11.87619140625,-15.5646441602068
2,line,11.90158203125,-16.4527325509412
2,line,11.92599609375,-17.0999310059909
2,line,11.9508984375,-17.4772576348897
2,line,11.96359375,-17.5608931171704
2,line,11.97580078125,-17.5802930400212
2,line,11.98849609375,-17.5394767505501
2,line,12.000703125,-17.4303024077874
2,line,12.0133984375,-17.2431809879354
2,line,12.02560546875,-16.9791601122946
2,line,12.03830078125,-16.6498883050322
2,line,12.0505078125,-16.2610087540164
2,line,12.063203125,-15.7903966065401
2,line,12.07541015625,-15.3115726843574
2,line,12.0876171875,-14.7883960648875
2,line,12.09982421875,-14.1873359779457
2,line,12.11251953125,-13.5528283150644
2,line,12.1247265625,-12.8840702650792
2,line,12.13693359375,-12.1680060808564
2,line,12.14962890625,-11.4202388779133
2,line,12.1618359375,-10.6438719609808
2,line,12.18673828125,-8.93107256311579
2,line,12.2106640625,-7.11645748818207
2,line,12.23556640625,-5.20758682380933
2,line,12.25998046875,-3.16743867981626
2,line,12.27267578125,-2.15303257210743
2,line,12.28439453125,-1.14084061240061
2,line,12.2966015625,-0.110736899402659
2,line,12.309296875,0.957046772366795
2,line,12.32150390625,1.94746024454246
2,line,12.3337109375,3.00358603592936
2,line,12.34640625,4.00886662948439
2,line,12.35861328125,5.00991491330432
2,line,12.3708203125,5.9896875225796
2,line,12.38302734375,7.00116692947185
2,line,12.395234375,7.950869236518
2,line,12.40744140625,8.89311425798259
2,line,12.4196484375,9.80959685902445
2,line,12.43234375,10.7203565535577
2,line,12.44455078125,11.5612370780069
2,line,12.4567578125,12.3670805078274
2,line,12.469453125,13.1490828864254
2,line,12.4938671875,14.6236191575085
2,line,12.51876953125,15.9367308238395
2,line,12.54318359375,17.0733294706011
2,line,12.56857421875,17.9612303604864
2,line,12.58078125,18.3410159046889
2,line,12.5934765625,18.6701426910325
2,line,12.60568359375,18.9287587697693
2,line,12.61837890625,19.1526166429362
2,line,12.63107421875,19.3177443486971
2,line,12.64328125,19.4197050461773
2,line,12.65548828125,19.453092005675
2,line,12.66818359375,19.4297436442904
2,line,12.68087890625,19.351549381339
2,line,12.6930859375,19.2273819232947
2,line,12.70529296875,19.0358284120207
2,line,12.71798828125,18.7676768437841
2,line,12.7301953125,18.4512554087435
2,line,12.742890625,18.0844658923209
2,line,12.7555859375,17.6476965046157
2,line,12.76779296875,17.1868521174484
2,line,12.78,16.656384578982
2,line,12.80490234375,15.5280903750056
2,line,12.8298046875,14.2659614255777
2,line,12.85421875,12.9512162139216
2,line,12.87912109375,11.5375504038645
2,line,12.891328125,10.8528437272741
2,line,12.90353515625,10.1324570006575
2,line,12.91623046875,9.36602296781302
2,line,12.9284375,8.61670483316692
2,line,12.94015625,7.84852468191221
2,line,12.9528515625,7.02829544076249
2,line,12.96505859375,6.23097315544809
2,line,12.977265625,5.42127851853319
2,line,12.98947265625,4.63999640749126
2,line,13.00216796875,3.78502359466704
2,line,13.01388671875,2.95170987771374
2,line,13.02609375,2.12572387860217
2,line,13.0387890625,1.26012439516549
2,line,13.05099609375,0.452260123066936
2,line,13.063203125,-0.368943179307921
2,line,13.0758984375,-1.22416859654074
2,line,13.0876171875,-2.0399153494285
2,line,13.11203125,-3.69176211773215
2,line,13.13693359375,-5.28733526323164
2,line,13.1618359375,-6.87805614968246
2,line,13.18625,-8.41377298266441
2,line,13.1989453125,-9.18674806001929
2,line,13.21115234375,-9.91017549676484
2,line,13.223359375,-10.6046771274323
2,line,13.23556640625,-11.3146310048352
2,line,13.2477734375,-11.9600647695202
2,line,13.26046875,-12.5864497711784
2,line,13.27267578125,-13.1783085056356
2,line,13.2848828125,-13.7430801881126
2,line,13.29708984375,-14.2672443471355
2,line,13.309296875,-14.7328109268675
2,line,13.3219921875,-15.1831067164501
2,line,13.3346875,-15.5865938997399
2,line,13.34689453125,-15.9482631427743
2,line,13.35958984375,-16.2815023443674
2,line,13.371796875,-16.5398189524675
2,line,13.3844921875,-16.7268232555676
2,line,13.39669921875,-16.8571894478671
2,line,13.4216015625,-16.9227723316412
2,line,13.44650390625,-16.728125447356
2,line,13.47140625,-16.3054896210634
2,line,13.49630859375,-15.6132987042522
2,line,13.50900390625,-15.1886138525269
2,line,13.5212109375,-14.6977051392363
2,line,13.53341796875,-14.2003170697989
2,line,13.5485546875,-13.5310056184575
2,line,13.56125,-12.9321464179859
2,line,13.57345703125,-12.3282224147505
2,line,13.5856640625,-11.6797127414045
2,line,13.59787109375,-11.0084129391974
2,line,13.61056640625,-10.2981553538298
2,line,13.6227734375,-9.56958856384223
2,line,13.63498046875,-8.82377501885172
2,line,13.6471875,-8.01633151321003
2,line,13.65939453125,-7.22644540806176
2,line,13.67501953125,-6.20615710980678
2,line,13.6872265625,-5.33942123924511
2,line,13.69943359375,-4.50450977158193
2,line,13.7145703125,-3.41662652388329
2,line,13.73947265625,-1.6649327415776
2,line,13.764375,0.180274747564132
2,line,13.78830078125,2.0002575334592
2,line,13.813203125,3.85043885258368
2,line,13.82541015625,4.81308186853508
2,line,13.8376171875,5.7503128538018
2,line,13.8503125,6.68301160470677
2,line,13.86251953125,7.60678496709913
2,line,13.8747265625,8.52315786053544
2,line,13.88693359375,9.47976768657083
2,line,13.899140625,10.3741694222871
2,line,13.91134765625,11.2501930413747
2,line,13.9235546875,12.1293615525337
2,line,13.93625,12.9440798119947
2,line,13.94845703125,13.7485787974502
2,line,13.9606640625,14.5077562739974
2,line,13.973359375,15.2607174571785
2,line,13.98556640625,15.9597289519146
2,line,13.99826171875,16.6264199851675
2,line,14.01095703125,17.2709902871167
2,line,14.0231640625,17.8350063040313
2,line,14.04806640625,18.828421614553
2,line,14.07296875,19.5555851143548
2,line,14.09787109375,20.0834372820552
2,line,14.1227734375,20.3250166533482
2,line,14.13546875,20.346380431342
2,line,14.14767578125,20.2820462139013
2,line,14.1598828125,20.1630780048453
2,line,14.172578125,19.9601315326806
2,line,14.18478515625,19.6949057677139
2,line,14.19748046875,19.3635502821026
2,line,14.2096875,18.9427208806192
2,line,14.2223828125,18.4622185722203
2,line,14.23458984375,17.9393038482939
2,line,14.24728515625,17.3695353507258
2,line,14.25998046875,16.7145239683175
2,line,14.2721875,16.0385797046861
2,line,14.28439453125,15.3152773991102
2,line,14.29708984375,14.5870064536492
2,line,14.309296875,13.8225976716584
2,line,14.32150390625,13.0434797079368
2,line,14.3337109375,12.2207358199679
2,line,14.358125,10.5996846204181
2,line,14.38302734375,8.96570440988474
2,line,14.40744140625,7.33547587183207
2,line,14.43185546875,5.66775406124723
2,line,14.4440625,4.8433932729153
2,line,14.4567578125,3.98917551546716
2,line,14.46896484375,3.18634151113005
2,line,14.481171875,2.37259903391781
2,line,14.49337890625,1.56936452617413
2,line,14.5055859375,0.788871300955973
2,line,14.51779296875,0.0207926612911941
2,line,14.53,-0.73625395687262
2,line,14.5426953125,-1.48274465709127
2,line,14.55490234375,-2.23841080047049
2,line,14.567109375,-2.95191045045536
2,line,14.5798046875,-3.67415697573811
2,line,14.59201171875,-4.35308428113828
2,line,14.60421875,-5.03544852975201
2,line,14.6169140625,-5.73009552397865
2,line,14.6286328125,-6.39648732787376
2,line,14.641328125,-7.04708580527104
2,line,14.6657421875,-8.33806969407734
2,line,14.69015625,-9.5743447215949
2,line,14.71505859375,-10.7958936443201
2,line,14.7399609375,-11.9222371123639
2,line,14.75216796875,-12.4540030490096
2,line,14.764375,-12.9773201334109
2,line,14.77658203125,-13.4557358134304
2,line,14.78927734375,-13.9204445212197
2,line,14.801484375,-14.3433392135557
2,line,14.81369140625,-14.7414578160554
2,line,14.82638671875,-15.1189820263276
2,line,14.83859375,-15.4650094255273
2,line,14.85080078125,-15.7627629697878
2,line,14.86349609375,-16.0100921520241
2,line,14.87619140625,-16.2011202356943
2,line,14.8883984375,-16.3401370174208
2,line,14.90109375,-16.4432345491742
2,line,14.91330078125,-16.4630192934086
2,line,14.9255078125,-16.437798034878
2,line,14.938203125,-16.3415866502298
2,line,14.9508984375,-16.20845742867
2,line,14.9753125,-15.7487022460895
2,line,15.00021484375,-15.0523133467908
2,line,15.0251171875,-14.1194174664645
2,line,15.04953125,-13.0722305531865
2,line,15.06173828125,-12.4931798667877
2,line,15.07443359375,-11.8662467956327
2,line,15.086640625,-11.1982141443328
2,line,15.09884765625,-10.495548728727
2,line,15.1110546875,-9.74289525115418
2,line,15.12326171875,-8.9987860554165
2,line,15.1383984375,-8.0184459697392
2,line,15.15109375,-7.20396159286564
2,line,15.16330078125,-6.3227467307463
2,line,15.1755078125,-5.48647581752954
2,line,15.188203125,-4.57051118304911
2,line,15.20041015625,-3.6677852392506
2,line,15.2126171875,-2.74180430309577
2,line,15.22482421875,-1.77462483634445
2,line,15.23703125,-0.843518679752759
2,line,15.24923828125,0.104254973323143
2,line,15.2614453125,1.04221539187191
2,line,15.285859375,2.89998206270003
2,line,15.31076171875,4.75355419326644
2,line,15.33517578125,6.5122978106838
2,line,15.360078125,8.18537260668768
2,line,15.37228515625,9.02233373904995
2,line,15.3844921875,9.79733254105638
2,line,15.3971875,10.5460117416464
2,line,15.40939453125,11.2695258695754
2,line,15.4216015625,11.9601682402437
2,line,15.43380859375,12.6495697797916
2,line,15.446015625,13.2801277779765
2,line,15.45822265625,13.8817800675707
2,line,15.47091796875,14.4718240028386
2,line,15.483125,14.9950684225565
2,line,15.49533203125,15.4963709732832
2,line,15.50802734375,15.9649231644645
2,line,15.52072265625,16.3630163738881
2,line,15.5329296875,16.7482257253012
2,line,15.54513671875,17.0739693475299
2,line,15.55783203125,17.369673488601
2,line,15.5700390625,17.616493728636
2,line,15.5954296875,18.0077747224389
2,line,15.61984375,18.1978873466784
2,line,15.645234375,18.1978175055052
2,line,15.6696484375,17.996480836722
2,line,15.68234375,17.8160505368275
2,line,15.6950390625,17.5825916407849
2,line,15.70724609375,17.302847025556
2,line,15.71994140625,16.9654196282927
2,line,15.7321484375,16.5809492374517
2,line,15.74435546875,16.1701011586721
2,line,15.75705078125,15.6905680746057
2,line,15.7692578125,15.1871173579692
2,line,15.781953125,14.6608542273749
2,line,15.79416015625,14.0845387557397
2,line,15.8063671875,13.5107506030672
2,line,15.81857421875,12.9141670327342
2,line,15.83078125,12.296523843036
2,line,15.8434765625,11.6582936744256
2,line,15.85568359375,11.0097334116472
2,line,15.867890625,10.3495534181465
2,line,15.88009765625,9.64085466648216
2,line,15.90451171875,8.26713752984425
2,line,15.9294140625,6.83731569010817
2,line,15.953828125,5.31013225883887
2,line,15.9782421875,3.78663960819276
2,line,15.99044921875,3.02638679137065
2,line,16.00314453125,2.25876836458631
2,line,16.0153515625,1.50727505936376
2,line,16.02755859375,0.762261126965384
2,line,16.039765625,-0.0306495948658217
2,line,16.05197265625,-0.771148435495928
2,line,16.067109375,-1.67630809521362
2,line,16.0798046875,-2.42467782726005
2,line,16.09201171875,-3.14629776232137
2,line,16.10421875,-3.83760918279692
2,line,16.11642578125,-4.52883204100863
2,line,16.12912109375,-5.23173469159774
2,line,16.141328125,-5.94948845601065
2,line,16.15353515625,-6.63332103458108
2,line,16.1657421875,-7.33056304692603
2,line,16.17794921875,-8.00303457964054
2,line,16.19015625,-8.65680890462778
2,line,16.21505859375,-9.94355406832118
2,line,16.2399609375,-11.1586474433866
2,line,16.264375,-12.2441745620785
2,line,16.28927734375,-13.24611533808
2,line,16.301484375,-13.7038763140975
2,line,16.31369140625,-14.1027338405083
2,line,16.32638671875,-14.5006686904825
2,line,16.33859375,-14.8479170006886
2,line,16.35080078125,-15.1698516239708
2,line,16.36349609375,-15.4619838259202
2,line,16.375703125,-15.6869899416647
2,line,16.38791015625,-15.8720269878482
2,line,16.40060546875,-16.0023780523435
2,line,16.41330078125,-16.0676963781684
2,line,16.4255078125,-16.0796068359379
2,line,16.43771484375,-16.0257813677584
2,line,16.45041015625,-15.9157229223966
2,line,16.4626171875,-15.7568087876006
2,line,16.4753125,-15.53690371637
2,line,16.4880078125,-15.2430987881128
2,line,16.50021484375,-14.9140040092299
2,line,16.5251171875,-14.0773041514251
2,line,16.54904296875,-13.1121009857348
2,line,16.5739453125,-11.9885306642403
2,line,16.598359375,-10.7508769507298
2,line,16.6110546875,-10.0824274362811
2,line,16.62326171875,-9.393374685518
2,line,16.63546875,-8.68207384028021
2,line,16.64767578125,-7.90228737667722
2,line,16.6598828125,-7.14359622560076
2,line,16.67208984375,-6.35175880007421
2,line,16.684296875,-5.49932089139392
2,line,16.6969921875,-4.68127800822698
2,line,16.70919921875,-3.83598383884627
2,line,16.72140625,-2.97836670556164
2,line,16.7341015625,-2.11032011792694
2,line,16.74630859375,-1.23528836994176
2,line,16.758515625,-0.343102742475253
2,line,16.77072265625,0.598487851781942
2,line,16.7829296875,1.50464277667794
2,line,16.79806640625,2.61812620877705
2,line,16.81076171875,3.51155833309108
2,line,16.83517578125,5.26903438002697
2,line,16.860078125,7.06766163042609
2,line,16.8844921875,8.78223794717685
2,line,16.90890625,10.4720369407338
2,line,16.92404296875,11.4445466204163
2,line,16.93673828125,12.241295902159
2,line,16.9489453125,12.9717817585323
2,line,16.96115234375,13.6846030005014
2,line,16.97384765625,14.3536134900776
2,line,16.9860546875,14.9924673350026
2,line,16.99826171875,15.6177214284336
2,line,17.01095703125,16.1974076734721
2,line,17.02365234375,16.6978537705671
2,line,17.035859375,17.1488526255934
2,line,17.04806640625,17.565680885624
2,line,17.06076171875,17.9366675913774
2,line,17.07345703125,18.2288135875687
2,line,17.0856640625,18.4832976749096
2,line,17.098359375,18.7012496974964
2,line,17.11056640625,18.8669302571669
2,line,17.1227734375,18.9761022073752
2,line,17.1481640625,19.0183466175028
2,line,17.1735546875,18.8475036126915
2,line,17.19796875,18.4516300399746
2,line,17.22287109375,17.8262833412682
2,line,17.235078125,17.4391135594541
2,line,17.2477734375,17.0047112442852
2,line,17.26046875,16.5100891006524
2,line,17.27267578125,15.9971136597372
2,line,17.2848828125,15.4171858958008
2,line,17.297578125,14.8177396544702
2,line,17.30978515625,14.2141527995462
2,line,17.3219921875,13.5817771285401
2,line,17.33419921875,12.9355256893689
2,line,17.34689453125,12.2785913133871
2,line,17.3591015625,11.5981037377528
2,line,17.37130859375,10.9137762077687
2,line,17.383515625,10.1958377083206
2,line,17.39572265625,9.49080081085814
2,line,17.410859375,8.60599619958808
2,line,17.4235546875,7.88368408105329
2,line,17.43576171875,7.1211722385338
2,line,17.4606640625,5.62951504414414
2,line,17.485078125,4.14042907667637
2,line,17.5094921875,2.63720114379505
2,line,17.53390625,1.15786798180238
2,line,17.54611328125,0.39038934296462
2,line,17.5583203125,-0.340655158743146
2,line,17.57052734375,-1.05001029888382
2,line,17.58322265625,-1.76483967764173
2,line,17.5954296875,-2.49462621093807
2,line,17.60763671875,-3.20200322856738
2,line,17.62033203125,-3.93563207309346
2,line,17.6325390625,-4.65586072266638
2,line,17.64474609375,-5.36239505941053
2,line,17.656953125,-6.07969511600567
2,line,17.672578125,-6.93171117406166
2,line,17.684296875,-7.61618321081071
2,line,17.69650390625,-8.31023361903884
2,line,17.70919921875,-8.95503537507808
2,line,17.72140625,-9.58902744020485
2,line,17.73361328125,-10.1964458628156
2,line,17.74630859375,-10.822399288797
2,line,17.77365234375,-12.0650686318548
2,line,17.7985546875,-13.0810603555884
2,line,17.82345703125,-13.9405590741189
2,line,17.84787109375,-14.6737011831928
2,line,17.860078125,-14.9808610749783
2,line,17.8727734375,-15.2627714844424
2,line,17.88498046875,-15.478827438108
2,line,17.89767578125,-15.6454789529414
2,line,17.91037109375,-15.7612404838969
2,line,17.922578125,-15.8192666996046
2,line,17.93478515625,-15.8129881758719
2,line,17.94748046875,-15.7603714517018
2,line,17.9596875,-15.6565027136945
2,line,17.9723828125,-15.5126005830734
2,line,17.985078125,-15.3103715701618
2,line,17.99728515625,-15.041030405935
2,line,18.0094921875,-14.7226250180461
2,line,18.02169921875,-14.3503181682013
2,line,18.03439453125,-13.9227975008753
2,line,18.0466015625,-13.4754883815619
2,line,18.05880859375,-12.9804299971039
2,line,18.08322265625,-11.9002361862578
2,line,18.108125,-10.6405008061057
2,line,18.1325390625,-9.30588092205994
2,line,18.15744140625,-7.80013086529459
2,line,18.1696484375,-7.01788661953213
2,line,18.1813671875,-6.21638911462463
2,line,18.1940625,-5.34033852694101
2,line,18.20626953125,-4.4886047027222
2,line,18.2184765625,-3.61162281793591
2,line,18.231171875,-2.69899299113134
2,line,18.24337890625,-1.79322476143833
2,line,18.2555859375,-0.855769005416602
2,line,18.2673046875,0.139540286297412
2,line,18.2829296875,1.31420610263451
2,line,18.29513671875,2.27043075990137
2,line,18.30734375,3.21156696129603
2,line,18.3200390625,4.17215050378303
2,line,18.33224609375,5.1424578322831
2,line,18.344453125,6.08085861194007
2,line,18.35666015625,7.05616789158902
2,line,18.3688671875,7.97698688604752
2,line,18.39376953125,9.77546009310999
2,line,18.41818359375,11.4139364921336
2,line,18.4430859375,12.9087367201484
2,line,18.4675,14.2585820062627
2,line,18.47970703125,14.9064244646379
2,line,18.49240234375,15.4828122226544
2,line,18.504609375,16.0068023583853
2,line,18.5173046875,16.5210034712761
2,line,18.52951171875,16.9505325858002
2,line,18.54220703125,17.3261542607889
2,line,18.55490234375,17.6623243251388
2,line,18.567109375,17.9206093374607
2,line,18.57931640625,18.157947738717
2,line,18.5915234375,18.3282059590013
2,line,18.60421875,18.4329805611343
2,line,18.6169140625,18.4919980326495
2,line,18.62912109375,18.4986693193113
2,line,18.64181640625,18.451864307767
2,line,18.6540234375,18.3578001624404
2,line,18.66671875,18.2080478413698
2,line,18.6794140625,18.0146125068166
2,line,18.703828125,17.4907981044431
2,line,18.72873046875,16.7676842656615
2,line,18.7536328125,15.8587190901953
2,line,18.77853515625,14.8438921379098
2,line,18.7907421875,14.2888336145707
2,line,18.80294921875,13.67775753439
2,line,18.81515625,13.0753880790257
2,line,18.82736328125,12.4676581192809
2,line,18.84005859375,11.8123620508399
2,line,18.852265625,11.2013101197205
2,line,18.86447265625,10.5606684485407
2,line,18.87716796875,9.88335215871998
2,line,18.889375,9.2380666744495
2,line,18.90158203125,8.58568119563357
2,line,18.91330078125,7.93047557702498
2,line,18.92599609375,7.25742413418634
2,line,18.938203125,6.59848354777618
2,line,18.95041015625,5.93337625420737
2,line,18.96310546875,5.26404786015094
2,line,18.9753125,4.58019426733347
2,line,18.98751953125,3.89723181301972
2,line,19.01193359375,2.50033335824657
2,line,19.03634765625,1.10936991058648
2,line,19.06076171875,-0.278322783753291
2,line,19.08859375,-1.85776057981545
2,line,19.10080078125,-2.54224425239002
2,line,19.1130078125,-3.2500870792904
2,line,19.125703125,-3.93267547037298
2,line,19.13791015625,-4.60661753688121
2,line,19.1501171875,-5.28620338139575
2,line,19.16232421875,-6.00746088560709
2,line,19.17453125,-6.69556075212859
2,line,19.18673828125,-7.36681611296314
2,line,19.1989453125,-8.06572037882246
2,line,19.211640625,-8.70180267574045
2,line,19.22384765625,-9.36127602387134
2,line,19.2360546875,-9.99694654226651
2,line,19.24875,-10.6296127749747
2,line,19.26095703125,-11.2160047953974
2,line,19.2731640625,-11.7967724169785
2,line,19.285859375,-12.3531478052072
2,line,19.297578125,-12.8658491519051
2,line,19.3219921875,-13.8040750230413
2,line,19.34982421875,-14.6344604118215
2,line,19.37521484375,-15.2253803414779
2,line,19.39962890625,-15.6521895450657
2,line,19.41232421875,-15.7817283487236
2,line,19.42453125,-15.8514471140133
2,line,19.4372265625,-15.8613100041005
2,line,19.449921875,-15.8021498649304
2,line,19.46212890625,-15.6891398413933
2,line,19.4743359375,-15.5294509117391
2,line,19.48703125,-15.3183854131461
2,line,19.49923828125,-15.0686311912176
2,line,19.51193359375,-14.7692518146232
2,line,19.524140625,-14.3919022889767
2,line,19.53927734375,-13.8736184759964
2,line,19.551484375,-13.4024078897457
2,line,19.56369140625,-12.8782637867616
2,line,19.57638671875,-12.3755646591438
2,line,19.58859375,-11.8014166843917
2,line,19.60080078125,-11.2650619629701
2,line,19.61349609375,-10.6469166140517
2,line,19.63791015625,-9.37990905223064
2,line,19.66232421875,-7.99193486764542
2,line,19.68673828125,-6.57462165719298
2,line,19.711640625,-5.09699673919326
2,line,19.72384765625,-4.32291702876986
2,line,19.7360546875,-3.51121900241963
2,line,19.74826171875,-2.69113993997209
2,line,19.76046875,-1.87531175065276
2,line,19.7731640625,-1.05682531673578
2,line,19.78537109375,-0.187958977923991
2,line,19.797578125,0.658693616445908
2,line,19.809296875,1.55264611647548
2,line,19.8219921875,2.43342086062733
2,line,19.83419921875,3.30842351792298
2,line,19.84640625,4.19492061706868
2,line,19.8591015625,5.07486442122013
2,line,19.87130859375,5.94090805761809
2,line,19.883515625,6.82639764588269
2,line,19.89572265625,7.69823637153749
2,line,19.9079296875,8.52058596155718
2,line,19.92306640625,9.51666274497656
2,line,19.95041015625,11.2428044094197
2,line,19.9782421875,12.8571163708237
2,line,20.00216796875,14.1688192629579
2,line,20.0270703125,15.3332874236519
2,line,20.03927734375,15.856760066783
2,line,20.051484375,16.3518419093046
2,line,20.06369140625,16.7724889371301
2,line,20.0758984375,17.1487961899427
2,line,20.08810546875,17.4752726014729
2,line,20.10080078125,17.7699380179644
2,line,20.1130078125,18.0028270799922
2,line,20.12814453125,18.2279619825418
2,line,20.14083984375,18.3617910039384
2,line,20.153046875,18.4405225936039
2,line,20.1657421875,18.4574652223836
2,line,20.1784375,18.4239780984529
2,line,20.19064453125,18.3327837891052
2,line,20.2028515625,18.1768587666695
2,line,20.21505859375,17.9635301183577
2,line,20.22775390625,17.7109575902083
2,line,20.24044921875,17.4054953795405
2,line,20.2653515625,16.6226257510915
2,line,20.289765625,15.6570294772294
2,line,20.31466796875,14.5459067319355
2,line,20.3395703125,13.3088078579121
2,line,20.35177734375,12.7131702734783
2,line,20.363984375,12.0680524717191
2,line,20.37619140625,11.3833952251048
2,line,20.3883984375,10.7142502861197
2,line,20.40109375,10.0323019558994
2,line,20.4128125,9.35045777566498
2,line,20.4255078125,8.63940914014416
2,line,20.43771484375,7.94949428099063
2,line,20.449921875,7.29714112530631
2,line,20.4626171875,6.57413988015592
2,line,20.47482421875,5.86731023789847
2,line,20.48703125,5.1444025197746
2,line,20.49875,4.40384815916951
2,line,20.5114453125,3.66793644957994
2,line,20.52365234375,2.91747191645461
2,line,20.535859375,2.19137985170291
2,line,20.5485546875,1.41083660262407
2,line,20.5758984375,-0.245166478292384
2,line,20.6003125,-1.71207003604556
2,line,20.62521484375,-3.11683419195988
2,line,20.64962890625,-4.42832375752881
2,line,20.6618359375,-5.11024005541018
2,line,20.67697265625,-5.90507315386864
2,line,20.6891796875,-6.55152886914358
2,line,20.70138671875,-7.20298921606156
2,line,20.71408203125,-7.82426363171109
2,line,20.7262890625,-8.43314604890837
2,line,20.73849609375,-9.03507389477395
2,line,20.75119140625,-9.61855325854097
2,line,20.7633984375,-10.1831329460326
2,line,20.77560546875,-10.7182421437667
2,line,20.7878125,-11.2618242071184
2,line,20.80001953125,-11.7695491180408
2,line,20.81271484375,-12.2464726235734
2,line,20.824921875,-12.7143205972226
2,line,20.83712890625,-13.1215916597721
2,line,20.8493359375,-13.5126638752605
2,line,20.86154296875,-13.8698735658556
2,line,20.8864453125,-14.4807435277165
2,line,20.91134765625,-14.9804553830101
2,line,20.93576171875,-15.3206473102668
2,line,20.9606640625,-15.4529683581052
2,line,20.97287109375,-15.4486355643972
2,line,20.985078125,-15.3939801116557
2,line,20.9977734375,-15.2823521498888
2,line,21.00998046875,-15.1197506252211
2,line,21.0221875,-14.9188468494734
2,line,21.03439453125,-14.6540201261604
2,line,21.0466015625,-14.3457676054378
2,line,21.05880859375,-14.0041182841338
2,line,21.071015625,-13.5822958135047
2,line,21.08322265625,-13.1493736363753
2,line,21.09494140625,-12.6635727380129
2,line,21.1071484375,-12.1468726011776
2,line,21.11935546875,-11.612874020262
2,line,21.1344921875,-10.9112593782941
2,line,21.14669921875,-10.29852662577
2,line,21.15890625,-9.65884972007013
2,line,21.17404296875,-8.8272495427917
2,line,21.20138671875,-7.24312499324131
2,line,21.22580078125,-5.78544866318252
2,line,21.25021484375,-4.19636815086589
2,line,21.27462890625,-2.56658920426042
2,line,21.2868359375,-1.73079214304126
2,line,21.301484375,-0.668210746156815
2,line,21.3141796875,0.201579873895518
2,line,21.328828125,1.29009802443993
2,line,21.34396484375,2.40415747500588
2,line,21.356171875,3.28278093403235
2,line,21.36837890625,4.16277096374345
2,line,21.383515625,5.23920771827761
2,line,21.3962109375,6.08866885843525
2,line,21.410859375,7.16623406023859
2,line,21.42599609375,8.17772980934721
2,line,21.43869140625,8.97611562385087
2,line,21.45041015625,9.76488848375723
2,line,21.465546875,10.7142288515967
2,line,21.4782421875,11.4620334358392
2,line,21.492890625,12.3133459921745
2,line,21.50802734375,13.1189983923203
2,line,21.53244140625,14.2768571690258
2,line,21.5602734375,15.3947377153288
2,line,21.5846875,16.216787298856
2,line,21.60958984375,16.8231747406454
2,line,21.621796875,17.0738307452031
2,line,21.63400390625,17.2757881493359
2,line,21.6462109375,17.4199937850395
2,line,21.65890625,17.528047190536
2,line,21.670625,17.6059952646514
2,line,21.6833203125,17.6372357018058
2,line,21.69552734375,17.6103063994669
2,line,21.7106640625,17.5198189354611
2,line,21.723359375,17.3741623254783
2,line,21.73556640625,17.2076275708533
2,line,21.7477734375,16.9852191545899
2,line,21.76046875,16.7309604135975
2,line,21.77267578125,16.4378632135365
2,line,21.7848828125,16.0956514492047
2,line,21.79708984375,15.6981950236209
2,line,21.8122265625,15.1743455590402
2,line,21.82443359375,14.7169456622765
2,line,21.84884765625,13.7021731310295
2,line,21.87619140625,12.4760956086043
2,line,21.90646484375,11.0303373000667
2,line,21.93380859375,9.69263829260808
2,line,21.946015625,9.09164860013542
2,line,21.95822265625,8.48026117234421
2,line,21.973359375,7.71600611665141
2,line,21.98556640625,7.12217871400177
2,line,21.99728515625,6.49596238668732
2,line,22.00998046875,5.82609050495907
2,line,22.0221875,5.19185752580264
2,line,22.03390625,4.49813610985431
2,line,22.0466015625,3.79981745702407
2,line,22.0583203125,3.08937471063398
2,line,22.07345703125,2.16962465563451
2,line,22.0856640625,1.41942707791656
2,line,22.10080078125,0.483941903853572
2,line,22.1130078125,-0.255293239540188
2,line,22.12521484375,-1.04376548283658
2,line,22.137421875,-1.77683997806548
2,line,22.14962890625,-2.53693013555053
2,line,22.17404296875,-4.06219600978177
2,line,22.2008984375,-5.6836069841718
2,line,22.2253125,-7.12517198083961
2,line,22.25314453125,-8.62883285722419
2,line,22.26779296875,-9.42048425081853
2,line,22.28,-10.0148360998833
2,line,22.29220703125,-10.6292777861937
2,line,22.3044140625,-11.1729586475442
2,line,22.31955078125,-11.8061535921324
2,line,22.33224609375,-12.2742356450545
2,line,22.34396484375,-12.710627211913
2,line,22.3591015625,-13.1908124149416
2,line,22.371796875,-13.5388267269821
2,line,22.383515625,-13.8515762416244
2,line,22.39865234375,-14.1618604583259
2,line,22.41134765625,-14.3727495510779
2,line,22.42306640625,-14.5503415892909
2,line,22.43869140625,-14.7200767851981
2,line,22.4508984375,-14.8230066345265
2,line,22.46310546875,-14.8775185782882
2,line,22.47482421875,-14.8908560566813
2,line,22.4997265625,-14.7893565387493
2,line,22.52658203125,-14.4960329714524
2,line,22.55392578125,-14.0133768057602
2,line,22.57833984375,-13.405126754826
2,line,22.5934765625,-12.9646214435831
2,line,22.60568359375,-12.590108163978
2,line,22.617890625,-12.1487648595154
2,line,22.63302734375,-11.5983088287127
2,line,22.645234375,-11.1552611697132
2,line,22.65744140625,-10.6598731131085
2,line,22.672578125,-10.0447503594412
2,line,22.68478515625,-9.53352766580022
2,line,22.699921875,-8.81270087840866
2,line,22.71505859375,-8.0722168749262
2,line,22.727265625,-7.48786137066329
2,line,22.74240234375,-6.65780053980587
2,line,22.7575390625,-5.81706179948306
2,line,22.76974609375,-5.10129993153588
2,line,22.781953125,-4.3588688070146
2,line,22.79708984375,-3.40471251838023
2,line,22.809296875,-2.63549154116839
2,line,22.8337109375,-0.957982282991518
2,line,22.858125,0.804688073658009
2,line,22.88498046875,2.85224559856219
2,line,22.90939453125,4.71287534766876
2,line,22.92453125,5.84511040029364
2,line,22.9372265625,6.77639410080445
2,line,22.95236328125,7.90232704705558
2,line,22.96701171875,8.98254541464149
2,line,22.97970703125,9.83548487722122
2,line,22.99142578125,10.6533058300962
2,line,23.0065625,11.6426170821191
2,line,23.0192578125,12.402589285203
2,line,23.03146484375,13.1280145338001
2,line,23.04611328125,13.955241006078
2,line,23.05880859375,14.5822843879061
2,line,23.071015625,15.1520585149586
2,line,23.08322265625,15.6607179200311
2,line,23.0954296875,16.1340149311981
2,line,23.10763671875,16.5387929859847
2,line,23.12033203125,16.8960044615363
2,line,23.1325390625,17.1747409606798
2,line,23.15744140625,17.5982098934031
2,line,23.18234375,17.785167399497
2,line,23.2067578125,17.7712415411905
2,line,23.231171875,17.5451777373971
2,line,23.24337890625,17.36991225773
2,line,23.2555859375,17.139023218001
2,line,23.26828125,16.8635441857974
2,line,23.28048828125,16.5495835417539
2,line,23.2926953125,16.1881527285851
2,line,23.305390625,15.7918915837226
2,line,23.31759765625,15.3493934057987
2,line,23.3298046875,14.88235202119
2,line,23.34201171875,14.3765114311689
2,line,23.35373046875,13.8547852835275
2,line,23.3688671875,13.1683559199664
2,line,23.3815625,12.5782185474019
2,line,23.39328125,11.9878148929277
2,line,23.40841796875,11.2497261871624
2,line,23.420625,10.6434183564953
2,line,23.43283203125,10.0404643458554
2,line,23.44796875,9.28730879331373
2,line,23.4753125,7.91701128571201
2,line,23.4997265625,6.69906635021879
2,line,23.5270703125,5.31700784147592
2,line,23.551484375,4.05925799607299
2,line,23.56369140625,3.42459203944098
2,line,23.57541015625,2.75114904926297
2,line,23.58810546875,2.08332652883341
2,line,23.60275390625,1.23467617418604
2,line,23.617890625,0.385487694132223
2,line,23.63009765625,-0.304968711023977
2,line,23.645234375,-1.15692396855584
2,line,23.66037109375,-1.97573457245995
2,line,23.672578125,-2.67363559322499
2,line,23.68771484375,-3.53874948674393
2,line,23.699921875,-4.17766046242334
2,line,23.71212890625,-4.88254128793177
2,line,23.727265625,-5.69642526208023
2,line,23.73947265625,-6.3223344547809
2,line,23.7516796875,-7.01302359687467
2,line,23.76388671875,-7.62479680569899
2,line,23.77609375,-8.26041917248846
2,line,23.8005078125,-9.48354751897088
2,line,23.82443359375,-10.6862010935719
2,line,23.84884765625,-11.7597730244776
2,line,23.87375,-12.7414610857507
2,line,23.88546875,-13.1855904991506
2,line,23.90060546875,-13.6909880585292
2,line,23.91330078125,-14.058731353761
2,line,23.92501953125,-14.3905027611532
2,line,23.9372265625,-14.684212471612
2,line,23.949921875,-14.9419181535759
2,line,23.96212890625,-15.16765257777
2,line,23.9743359375,-15.3561832556973
2,line,23.98654296875,-15.5175742178388
2,line,23.99923828125,-15.6190760501844
2,line,24.0114453125,-15.6749586397405
2,line,24.02365234375,-15.6753342282393
2,line,24.035859375,-15.6268715574817
2,line,24.04806640625,-15.5245301551505
2,line,24.06076171875,-15.3890541681924
2,line,24.07296875,-15.1924280336267
2,line,24.08517578125,-14.9675852464229
2,line,24.1091015625,-14.3706209513184
2,line,24.13400390625,-13.6079225519414
2,line,24.15841796875,-12.673455017778
2,line,24.1852734375,-11.5341870895018
2,line,24.19796875,-10.9897999241678
2,line,24.2096875,-10.4095412502173
2,line,24.22482421875,-9.64103679423702
2,line,24.23751953125,-8.99906060637526
2,line,24.25216796875,-8.17941189257644
2,line,24.2673046875,-7.33597203701547
2,line,24.27951171875,-6.63181620206247
2,line,24.2946484375,-5.72814749685454
2,line,24.30685546875,-5.00168450949963
2,line,24.3190625,-4.20271806513188
2,line,24.33419921875,-3.23563899808495
2,line,24.34640625,-2.45931773529301
2,line,24.35861328125,-1.61495568067537
2,line,24.3708203125,-0.816205357936832
2,line,24.3825390625,0.0400231126627316
2,line,24.39474609375,0.882505361388391
2,line,24.406953125,1.73416029183155
2,line,24.434296875,3.62116885046426
2,line,24.4645703125,5.67113532153636
2,line,24.49240234375,7.48116890231059
2,line,24.51974609375,9.17260945263651
2,line,24.53146484375,9.89640215107499
2,line,24.543671875,10.6022786408789
2,line,24.55587890625,11.2666927808967
2,line,24.56857421875,11.9040637867045
2,line,24.5837109375,12.6540816190011
2,line,24.5954296875,13.2303051275196
2,line,24.608125,13.7656708947214
2,line,24.61984375,14.265263324912
2,line,24.63498046875,14.8394994541462
2,line,24.64767578125,15.2546183405407
2,line,24.6598828125,15.6179140748081
2,line,24.67208984375,15.9419692623133
2,line,24.68478515625,16.2475446288563
2,line,24.6969921875,16.5148570815991
2,line,24.70919921875,16.7310470318514
2,line,24.72140625,16.9077800294487
2,line,24.73361328125,17.0489624326562
2,line,24.75802734375,17.1957575984708
2,line,24.7829296875,17.1694932661299
2,line,24.80783203125,16.9869489547251
2,line,24.83224609375,16.6216446929266
2,line,24.844453125,16.351893163416
2,line,24.85666015625,16.0432168914047
2,line,24.8688671875,15.7054641789624
2,line,24.88107421875,15.3099561393526
2,line,24.89376953125,14.9035002063183
2,line,24.9059765625,14.4750310475136
2,line,24.9176953125,13.98553959808
2,line,24.930390625,13.4745642821497
2,line,24.942109375,12.9525792124919
2,line,24.95724609375,12.2641574819028
2,line,24.96994140625,11.6905825813177
2,line,24.98166015625,11.103944743736
2,line,24.996796875,10.3508780053497
2,line,25.00900390625,9.74049406311892
2,line,25.024140625,8.97021173026026
2,line,25.03634765625,8.36354970008722
2,line,25.0485546875,7.68990565051934
2,line,25.0758984375,6.23447737367811
2,line,25.1003125,4.8483219256818
2,line,25.12423828125,3.41934385374317
2,line,25.15158203125,1.76350744671786
2,line,25.1637890625,1.02019065400813
2,line,25.17892578125,0.0888281759188728
2,line,25.1940625,-0.828918219051977
2,line,25.20626953125,-1.5725780551363
2,line,25.22140625,-2.49303410739259
2,line,25.23361328125,-3.19625860792232
2,line,25.2458203125,-3.9209471283866
2,line,25.26095703125,-4.79056259696589
2,line,25.2731640625,-5.45292392748204
2,line,25.2848828125,-6.1745452378007
2,line,25.3005078125,-6.97304977915237
2,line,25.31271484375,-7.62441282498976
2,line,25.32443359375,-8.27921672466886
2,line,25.33712890625,-8.91793056319791
2,line,25.3493359375,-9.54025694675195
2,line,25.3610546875,-10.1450642219361
2,line,25.37375,-10.7263161451282
2,line,25.39767578125,-11.8185714121842
2,line,25.42208984375,-12.8026225798629
2,line,25.44943359375,-13.7645515630152
2,line,25.47384765625,-14.4617951807859
2,line,25.4860546875,-14.7712261371818
2,line,25.49826171875,-15.0476272815645
2,line,25.51046875,-15.2970004571416
2,line,25.5231640625,-15.5028364386527
2,line,25.53537109375,-15.6729113988668
2,line,25.547578125,-15.782855577289
2,line,25.55978515625,-15.8462096096783
2,line,25.57248046875,-15.8465882493905
2,line,25.5846875,-15.808029191998
2,line,25.59689453125,-15.7362790109964
2,line,25.6091015625,-15.6000934036931
2,line,25.621796875,-15.4112268433018
2,line,25.63400390625,-15.178080936982
2,line,25.6462109375,-14.88695507147
2,line,25.65841796875,-14.5355809655159
2,line,25.670625,-14.1788129657738
2,line,25.68234375,-13.7500359146742
2,line,25.70724609375,-12.7993362080896
2,line,25.73458984375,-11.6019742095432
2,line,25.7614453125,-10.2268343923709
2,line,25.7887890625,-8.71649314253568
2,line,25.80392578125,-7.83022304463289
2,line,25.81662109375,-7.08288222923981
2,line,25.82833984375,-6.31941079617087
2,line,25.8434765625,-5.3377610966095
2,line,25.85568359375,-4.53114036332468
2,line,25.8708203125,-3.49643004147572
2,line,25.88302734375,-2.63371852969826
2,line,25.895234375,-1.77381275293854
2,line,25.91037109375,-0.682028036055735
2,line,25.922578125,0.186512615527991
2,line,25.934296875,1.13444481805013
2,line,25.9469921875,2.01146707360346
2,line,25.9587109375,2.90996876587199
2,line,25.97384765625,4.03998128309156
2,line,25.98654296875,4.91878061993356
2,line,25.99826171875,5.79258741336272
2,line,26.0133984375,6.87585333187053
2,line,26.0378125,8.53392841760164
2,line,26.06564453125,10.341864888035
2,line,26.0925,12.0370972651817
2,line,26.1169140625,13.4205691328211
2,line,26.13205078125,14.2159645948831
2,line,26.14474609375,14.806390966738
2,line,26.156953125,15.3468886981321
2,line,26.16916015625,15.8498122594431
2,line,26.18185546875,16.3306505910939
2,line,26.1940625,16.754825705651
2,line,26.20626953125,17.1236070945128
2,line,26.2184765625,17.4596748312821
2,line,26.23068359375,17.7356398981215
2,line,26.242890625,17.9652092845489
2,line,26.25509765625,18.1398655267412
2,line,26.26779296875,18.281585496908
2,line,26.28,18.3735926389049
2,line,26.29220703125,18.4187645724997
2,line,26.30490234375,18.4144941578079
2,line,26.317109375,18.3523031734422
2,line,26.32931640625,18.2372737804515
2,line,26.35373046875,17.8644554351315
2,line,26.37814453125,17.2949092267942
2,line,26.403046875,16.5217248123718
2,line,26.42794921875,15.6066097079783
2,line,26.44015625,15.0868736393723
2,line,26.451875,14.5262521288094
2,line,26.46408203125,13.9388452767424
2,line,26.4762890625,13.3401427809023
2,line,26.49142578125,12.5667642394803
2,line,26.5036328125,11.9278857599894
2,line,26.51876953125,11.1090354519017
2,line,26.53390625,10.280339512714
2,line,26.5466015625,9.61370916133813
2,line,26.56125,8.77010542241546
2,line,26.57638671875,7.90006454221556
2,line,26.58908203125,7.19453847071296
2,line,26.60080078125,6.47845446287535
2,line,26.6159375,5.56327644567779
2,line,26.6286328125,4.81493407690326
2,line,26.64328125,3.86581484150284
2,line,26.65841796875,2.91871332239951
2,line,26.68576171875,1.15933350174909
2,line,26.71017578125,-0.414355275283639
2,line,26.7341015625,-1.93910675907956
2,line,26.75900390625,-3.46018542290465
2,line,26.77365234375,-4.40000891310237
2,line,26.785859375,-5.09636717609837
2,line,26.79806640625,-5.84734526227416
2,line,26.813203125,-6.74932370311747
2,line,26.82541015625,-7.43599432398871
2,line,26.840546875,-8.30516159445409
2,line,26.85568359375,-9.14796273672854
2,line,26.867890625,-9.80897090346672
2,line,26.88009765625,-10.4460046599884
2,line,26.895234375,-11.195720756958
2,line,26.90744140625,-11.7709325394193
2,line,26.9196484375,-12.3193721465526
2,line,26.93185546875,-12.8434854144838
2,line,26.9469921875,-13.442272654836
2,line,26.9596875,-13.9069939664316
2,line,26.97140625,-14.3309452492756
2,line,26.98654296875,-14.7860852334279
2,line,27.0114453125,-15.3941984451259
2,line,27.03634765625,-15.8626952508648
2,line,27.06076171875,-16.1863355822643
2,line,27.08517578125,-16.3179328563772
2,line,27.0973828125,-16.2985046858572
2,line,27.10958984375,-16.2214608692692
2,line,27.12228515625,-16.0971458777706
2,line,27.1344921875,-15.934431218891
2,line,27.14962890625,-15.6744793577501
2,line,27.16232421875,-15.3977198369534
2,line,27.17453125,-15.0765071692731
2,line,27.18673828125,-14.7277336124248
2,line,27.1989453125,-14.2996170523402
2,line,27.21408203125,-13.7236830258824
2,line,27.2262890625,-13.2570965033736
2,line,27.23849609375,-12.7170266632247
2,line,27.250703125,-12.2014483101718
2,line,27.26291015625,-11.6441607351263
2,line,27.27462890625,-11.0648377058054
2,line,27.28732421875,-10.4409854737169
2,line,27.29904296875,-9.79360022643876
2,line,27.32345703125,-8.44062658374955
2,line,27.35080078125,-6.87086167660712
2,line,27.37521484375,-5.36707827334595
2,line,27.39962890625,-3.75849184352228
2,line,27.4118359375,-2.97193805404206
2,line,27.4235546875,-2.14832421796503
2,line,27.43576171875,-1.31124822226359
2,line,27.44796875,-0.454482763338412
2,line,27.46310546875,0.622869395985343
2,line,27.4753125,1.47764492769302
2,line,27.49044921875,2.60412844897811
2,line,27.50265625,3.49108874986607
2,line,27.51486328125,4.33437955458281
2,line,27.5270703125,5.23428067154522
2,line,27.53927734375,6.06137875834859
2,line,27.551484375,6.94048670717311
2,line,27.56369140625,7.82771701551655
2,line,27.5758984375,8.62842950669778
2,line,27.5876171875,9.45152818619667
2,line,27.59982421875,10.2457452274039
2,line,27.61203125,11.0075645608751
2,line,27.6364453125,12.4497805071853
2,line,27.66671875,14.0768488922314
2,line,27.69162109375,15.1963568395059
2,line,27.71603515625,16.1562407634944
2,line,27.72873046875,16.5610440143229
2,line,27.74044921875,16.902189850324
2,line,27.75265625,17.2027224783157
2,line,27.7653515625,17.4710212868042
2,line,27.77755859375,17.6586347435471
2,line,27.789765625,17.8001926472202
2,line,27.80197265625,17.9029766578141
2,line,27.81466796875,17.9515965725249
2,line,27.826875,17.944488832501
2,line,27.83908203125,17.8870193673231
2,line,27.85177734375,17.7807661738517
2,line,27.863984375,17.6254819080872
2,line,27.87619140625,17.4198537020596
2,line,27.8883984375,17.1510329678041
2,line,27.90060546875,16.8374234121591
2,line,27.9128125,16.4809093701413
2,line,27.9255078125,16.0553946288884
2,line,27.949921875,15.1169602168261
2,line,27.9743359375,14.0476227789095
2,line,27.99826171875,12.8714907495745
2,line,28.0231640625,11.6198958689198
2,line,28.0378125,10.8182178642466
2,line,28.0505078125,10.1622290172164
2,line,28.0622265625,9.49331870976599
2,line,28.07736328125,8.66884310154436
2,line,28.09005859375,8.00617687399459
2,line,28.10470703125,7.18077348598131
2,line,28.11984375,6.35103242501491
2,line,28.1325390625,5.67904998263918
2,line,28.1442578125,4.9936557229287
2,line,28.15939453125,4.12686314700089
2,line,28.17208984375,3.43150338979476
2,line,28.18673828125,2.55648956490674
2,line,28.201875,1.64484665909105
2,line,28.21408203125,0.926883022368316
2,line,28.22921875,0.0154003306801394
2,line,28.24142578125,-0.6811578880876
2,line,28.2536328125,-1.43214999130676
2,line,28.278046875,-2.86394155745389
2,line,28.3024609375,-4.29562622531228
2,line,28.32931640625,-5.85515581950184
2,line,28.35666015625,-7.39987963685731
2,line,28.3688671875,-8.0598152845711
2,line,28.38107421875,-8.7082840999226
2,line,28.3962109375,-9.502140591559
2,line,28.40841796875,-10.127732949449
2,line,28.420625,-10.7397538771283
2,line,28.43283203125,-11.3223870980081
2,line,28.44796875,-12.0177922332856
2,line,28.4606640625,-12.5551670752235
2,line,28.4723828125,-13.0598988174968
2,line,28.48751953125,-13.6394831014943
2,line,28.50021484375,-14.0848376068194
2,line,28.51193359375,-14.4760011690814
2,line,28.524140625,-14.8426849740956
2,line,28.5368359375,-15.1680968087148
2,line,28.54904296875,-15.4582414622277
2,line,28.56125,-15.7176030261657
2,line,28.57345703125,-15.9448487734324
2,line,28.598359375,-16.2622360517502
2,line,28.62326171875,-16.3916601157472
2,line,28.64767578125,-16.3005196395922
2,line,28.67208984375,-16.0099896434849
2,line,28.684296875,-15.7938515193118
2,line,28.6969921875,-15.5282265452256
2,line,28.70919921875,-15.2269258123388
2,line,28.72140625,-14.864737173219
2,line,28.733125,-14.4586550396909
2,line,28.7458203125,-13.99761790809
2,line,28.75802734375,-13.5063086062848
2,line,28.77267578125,-12.8752384869282
2,line,28.78537109375,-12.3298275179686
2,line,28.79708984375,-11.7583758195851
2,line,28.8122265625,-11.0151491812389
2,line,28.824921875,-10.3813781357982
2,line,28.8395703125,-9.54903108948979
2,line,28.85470703125,-8.6931720662083
2,line,28.86740234375,-7.97940858384217
2,line,28.87912109375,-7.24049726461133
2,line,28.8942578125,-6.30910345855822
2,line,28.92208984375,-4.53509371146953
2,line,28.946015625,-2.90277548360222
2,line,28.9762890625,-0.802670230424527
2,line,29.0065625,1.37012531265753
2,line,29.01876953125,2.25169779503244
2,line,29.0309765625,3.1250788767808
2,line,29.04611328125,4.21346441881952
2,line,29.0583203125,5.05923830929999
2,line,29.07345703125,6.09555186601277
2,line,29.08615234375,6.93647159819336
2,line,29.09787109375,7.75877015977877
2,line,29.11056640625,8.55433147516192
2,line,29.12228515625,9.33068558137148
2,line,29.137421875,10.257801294138
2,line,29.1501171875,10.9705907270835
2,line,29.1618359375,11.6615517949671
2,line,29.17697265625,12.4729190264901
2,line,29.18966796875,13.0968704956086
2,line,29.201875,13.6966657199596
2,line,29.21359375,14.2637303300145
2,line,29.2262890625,14.7993094974817
2,line,29.250703125,15.7450954351802
2,line,29.27560546875,16.5104301240637
2,line,29.29953125,17.0869902801576
2,line,29.32443359375,17.5050926758046
2,line,29.336640625,17.6438278420116
2,line,29.3493359375,17.7396655129419
2,line,29.36154296875,17.7717030944449
2,line,29.37375,17.7569002106146
2,line,29.38595703125,17.6981836298322
2,line,29.39865234375,17.5870236515376
2,line,29.410859375,17.4366252758504
2,line,29.42306640625,17.223177921323
2,line,29.4352734375,16.9570463771545
2,line,29.44748046875,16.6585474765621
2,line,29.4596875,16.3161957859565
2,line,29.4723828125,15.9013684723906
2,line,29.48458984375,15.4812776608653
2,line,29.496796875,15.0174275603026
2,line,29.50900390625,14.4966145801017
2,line,29.524140625,13.8210388089608
2,line,29.53634765625,13.2810629827658
2,line,29.56369140625,11.922253654746
2,line,29.58810546875,10.683487801137
2,line,29.61251953125,9.41683963642818
2,line,29.63693359375,8.10047942979317
2,line,29.65158203125,7.2780913318277
2,line,29.66671875,6.43997799779813
2,line,29.6794140625,5.75206079261487
2,line,29.6911328125,5.0399698441002
2,line,29.70626953125,4.16522954653339
2,line,29.7184765625,3.43104809015421
2,line,29.73361328125,2.50838980154311
2,line,29.7458203125,1.79826683335056
2,line,29.75802734375,1.02539728956858
2,line,29.770234375,0.312538315533017
2,line,29.78244140625,-0.416254272477046
2,line,29.7946484375,-1.14539496330854
2,line,29.8063671875,-1.87173313550709
2,line,29.82150390625,-2.76089525021803
2,line,29.83419921875,-3.49544066286898
2,line,29.84884765625,-4.35834120015113
2,line,29.863984375,-5.20981639762927
2,line,29.8883984375,-6.57052408553541
2,line,29.91623046875,-8.06961182817116
2,line,29.946015625,-9.65032501880934
2,line,29.9704296875,-10.8285084795212
2,line,29.9860546875,-11.5237850481864
2,line,29.99826171875,-12.0741141436847
2,line,30.01046875,-12.5783536593093
2,line,30.0221875,-13.0584753703304
2,line,30.03439453125,-13.5067065378224
2,line,30.04708984375,-13.9244345956729
2,line,30.05880859375,-14.3039315127355
2,line,30.071015625,-14.6563433338547
2,line,30.0837109375,-14.9621111383882
2,line,30.0954296875,-15.2376926428258
2,line,30.108125,-15.4751658769389
2,line,30.12033203125,-15.6851492378689
2,line,30.1325390625,-15.8376091858799
2,line,30.14474609375,-15.9382482397406
2,line,30.15744140625,-15.992250859112
2,line,30.1696484375,-15.9997319587529
2,line,30.18185546875,-15.9463027705987
2,line,30.2067578125,-15.709503510052
2,line,30.231171875,-15.2937606701374
2,line,30.258515625,-14.5536119583513
2,line,30.28634765625,-13.5967420819202
2,line,30.30099609375,-12.9904871810656
2,line,30.313203125,-12.4860747101545
2,line,30.32541015625,-11.9191058779777
2,line,30.340546875,-11.1973665448751
2,line,30.35275390625,-10.6101276166249
2,line,30.3649609375,-9.94144517738814
2,line,30.37716796875,-9.30038035998287
2,line,30.389375,-8.61342831824663
2,line,30.40158203125,-7.9130111544914
2,line,30.4137890625,-7.1916826695182
2,line,30.4255078125,-6.44571597466183
2,line,30.43771484375,-5.71948189003584
2,line,30.449921875,-4.90379586057934
2,line,30.46505859375,-3.92012148540381
2,line,30.477265625,-3.13503307490545
2,line,30.48947265625,-2.25758232240595
2,line,30.504609375,-1.20120504652578
2,line,30.5290234375,0.543606871687274
2,line,30.55294921875,2.28067615516576
2,line,30.5778515625,4.05118817910567
2,line,30.6051953125,5.99914656172847
2,line,30.62033203125,7.04956367131998
2,line,30.63546875,8.06199700508215
2,line,30.64767578125,8.85395522556873
2,line,30.65939453125,9.62745956855968
2,line,30.6716015625,10.3740483567942
2,line,30.68380859375,11.0965258007059
2,line,30.69943359375,11.9590751495764
2,line,30.71408203125,12.7704522998113
2,line,30.72677734375,13.4052934661786
2,line,30.73849609375,14.0215470807833
2,line,30.750703125,14.5866604076013
2,line,30.76291015625,15.1083764996428
2,line,30.77560546875,15.5918351455502
2,line,30.7878125,16.042421553382
2,line,30.80001953125,16.435656534019
2,line,30.8122265625,16.7881738428553
2,line,30.82443359375,17.0879964782757
2,line,30.8493359375,17.5679955856703
2,line,30.87375,17.8594854083695
2,line,30.89865234375,17.9748838759175
2,line,30.92306640625,17.8977619800017
2,line,30.93576171875,17.7781222816601
2,line,30.94796875,17.6250702605214
2,line,30.96017578125,17.4252280963014
2,line,30.9723828125,17.1617096940114
2,line,30.98458984375,16.8627765742677
2,line,30.996796875,16.5254526982702
2,line,31.00900390625,16.1438574216502
2,line,31.02169921875,15.7212713590247
2,line,31.03390625,15.2653622497759
2,line,31.04611328125,14.7765837956872
2,line,31.0583203125,14.2277302614183
2,line,31.07052734375,13.7062154192536
2,line,31.082734375,13.157509550086
2,line,31.09494140625,12.5903122537653
2,line,31.1071484375,12.0072798133611
2,line,31.121796875,11.2740038839469
2,line,31.1344921875,10.6702182781391
2,line,31.16134765625,9.2788768080685
2,line,31.18869140625,7.83246179643381
2,line,31.2165234375,6.34403768222279
2,line,31.24337890625,4.75337705052746
2,line,31.25607421875,4.03279284282654
2,line,31.27072265625,3.10266191281933
2,line,31.285859375,2.16926808047534
2,line,31.29806640625,1.40470355494828
2,line,31.313203125,0.457968350512474
2,line,31.32541015625,-0.2711812684668
2,line,31.3376171875,-1.06264834988582
2,line,31.34982421875,-1.79403552932101
2,line,31.36203125,-2.5467819452987
2,line,31.37375,-3.30789726417715
2,line,31.3864453125,-4.04175575634511
2,line,31.3981640625,-4.77546731144839
2,line,31.41037109375,-5.48193462250647
2,line,31.422578125,-6.2550201730766
2,line,31.43771484375,-7.16225386111202
2,line,31.449921875,-7.84644739809433
2,line,31.465546875,-8.72755645786243
2,line,31.49240234375,-10.1849781100222
2,line,31.520234375,-11.5053848071426
2,line,31.5446484375,-12.5844677948016
2,line,31.57150390625,-13.6224258897137
2,line,31.58419921875,-14.0183459980723
2,line,31.59591796875,-14.3682774334558
2,line,31.6110546875,-14.7344232065162
2,line,31.62375,-14.991173296346
2,line,31.63595703125,-15.2147853040532
2,line,31.6481640625,-15.4001231932241
2,line,31.660859375,-15.5498970624067
2,line,31.67306640625,-15.6484512212149
2,line,31.6852734375,-15.6886355870145
2,line,31.69748046875,-15.6828026888544
2,line,31.7096875,-15.6212294658918
2,line,31.72189453125,-15.5107595629166
2,line,31.7341015625,-15.3665184202049
2,line,31.746796875,-15.1705879448246
2,line,31.75900390625,-14.9381920074962
2,line,31.7712109375,-14.6757600558426
2,line,31.78341796875,-14.3304654778236
2,line,31.81076171875,-13.4780351089568
2,line,31.83517578125,-12.5683477188837
2,line,31.8591015625,-11.5721061238913
2,line,31.883515625,-10.4938259292626
2,line,31.89865234375,-9.77358698293287
2,line,31.910859375,-9.16586242419168
2,line,31.92306640625,-8.54211006248012
2,line,31.938203125,-7.77992275040643
2,line,31.95041015625,-7.0865398261953
2,line,31.965546875,-6.23306620506091
2,line,31.97775390625,-5.545350295396
2,line,31.9899609375,-4.78150025229344
2,line,32.00509765625,-3.84736261361334
2,line,32.0173046875,-3.08734859430042
2,line,32.02951171875,-2.24811951450512
2,line,32.04171875,-1.46024117132425
2,line,32.0534375,-0.590844744051201
2,line,32.0661328125,0.289575285751852
2,line,32.07833984375,1.17281606136532
2,line,32.09298828125,2.28716114541096
2,line,32.10568359375,3.19280932637473
2,line,32.1325390625,5.24555233029619
2,line,32.1598828125,7.28646356979037
2,line,32.18771484375,9.24444393910142
2,line,32.21798828125,11.2920609164567
2,line,32.2301953125,12.0685211645739
2,line,32.2419140625,12.8147503198046
2,line,32.25705078125,13.684831418854
2,line,32.26974609375,14.3567350049435
2,line,32.281953125,14.9685793445874
2,line,32.29416015625,15.5287971706147
2,line,32.3063671875,16.0594646379701
2,line,32.31857421875,16.5216009077881
2,line,32.33078125,16.9298721049363
2,line,32.34298828125,17.2721290843508
2,line,32.35568359375,17.5642436523498
2,line,32.367890625,17.8103870114239
2,line,32.38009765625,17.9874600090112
2,line,32.39279296875,18.1017297835321
2,line,32.405,18.1635493071408
2,line,32.41720703125,18.1871829494655
2,line,32.42990234375,18.1501220937744
2,line,32.453828125,17.9157399394724
2,line,32.47873046875,17.4533401915203
2,line,32.50314453125,16.8069163260562
2,line,32.528046875,15.978913856802
2,line,32.54025390625,15.4905656947896
2,line,32.5524609375,14.9447929244558
2,line,32.56759765625,14.2644920521505
2,line,32.5798046875,13.7054334000964
2,line,32.59201171875,13.0665463888153
2,line,32.6071484375,12.2856306256038
2,line,32.61935546875,11.6777471435376
2,line,32.63107421875,11.0073030023568
2,line,32.64376953125,10.3840692593446
2,line,32.6559765625,9.73388959959889
2,line,32.6676953125,9.07872551338255
2,line,32.680390625,8.43250640277985
2,line,32.6950390625,7.64756273044131
2,line,32.70724609375,7.01045719712941
2,line,32.719453125,6.37657901884867
2,line,32.73458984375,5.58811591599911
2,line,32.746796875,4.96852986669695
2,line,32.7712109375,3.66468693988113
2,line,32.795625,2.27545736393111
2,line,32.82248046875,0.765802792369504
2,line,32.84689453125,-0.646113563769032
2,line,32.86203125,-1.51987869450716
2,line,32.87423828125,-2.23855813454811
2,line,32.889375,-3.12304285479203
2,line,32.90158203125,-3.8390044940958
2,line,32.9137890625,-4.5584104427674
2,line,32.92892578125,-5.41277971492112
2,line,32.9440625,-6.26365199359628
2,line,32.95626953125,-6.96335153031333
2,line,32.97140625,-7.82371041593847
2,line,32.98361328125,-8.4990780644958
2,line,32.9958203125,-9.18063531813097
2,line,33.01095703125,-10.0073464788721
2,line,33.0231640625,-10.6413252005627
2,line,33.03537109375,-11.3028662077592
2,line,33.0505078125,-12.0640355947265
2,line,33.06564453125,-12.7899352833746
2,line,33.0778515625,-13.3410931100849
2,line,33.1051953125,-14.4426632106567
2,line,33.13009765625,-15.273706404843
2,line,33.15451171875,-15.9151430854438
2,line,33.1794140625,-16.4017650252732
2,line,33.19162109375,-16.5762568643434
2,line,33.203828125,-16.6991183666734
2,line,33.21896484375,-16.7673688402026
2,line,33.23166015625,-16.7497491297991
2,line,33.2438671875,-16.6686426085046
2,line,33.25607421875,-16.5297086352893
2,line,33.2712109375,-16.2888895514856
2,line,33.28390625,-16.0286410413617
2,line,33.29611328125,-15.7324806416514
2,line,33.3083203125,-15.3817712373406
2,line,33.32052734375,-14.9760005904624
2,line,33.33322265625,-14.5257961707736
2,line,33.34787109375,-13.9058419240957
2,line,33.360078125,-13.3597604310308
2,line,33.37228515625,-12.7956537379324
2,line,33.387421875,-12.0638878339559
2,line,33.39962890625,-11.5038290897754
2,line,33.42990234375,-9.89561911073146
2,line,33.45431640625,-8.54079151657195
2,line,33.48166015625,-6.98617831381637
2,line,33.50900390625,-5.38172620233823
2,line,33.5212109375,-4.67527126491645
2,line,33.53341796875,-3.90361454143318
2,line,33.545625,-3.18382256893372
2,line,33.55734375,-2.41499887589931
2,line,33.5700390625,-1.64152573814427
2,line,33.5817578125,-0.856974565904744
2,line,33.59689453125,0.126199903186603
2,line,33.6091015625,0.944319504219493
2,line,33.62423828125,1.97156793384054
2,line,33.6364453125,2.75697215224719
2,line,33.64865234375,3.62415619286669
2,line,33.660859375,4.42019165590771
2,line,33.67306640625,5.24396256751549
2,line,33.68478515625,6.12473938756587
2,line,33.69748046875,6.91629884751288
2,line,33.70919921875,7.7268187648203
2,line,33.7243359375,8.73388046023594
2,line,33.7516796875,10.4973128201179
2,line,33.77609375,11.9874258078972
2,line,33.8034375,13.5277900326882
2,line,33.8278515625,14.7802675866129
2,line,33.84005859375,15.3571922502487
2,line,33.85275390625,15.913063406742
2,line,33.86447265625,16.3976301854515
2,line,33.8766796875,16.8322294600125
2,line,33.88888671875,17.2375891331181
2,line,33.90158203125,17.5824288563909
2,line,33.9137890625,17.8784947643004
2,line,33.92599609375,18.1080432335699
2,line,33.93869140625,18.2966966269067
2,line,33.9508984375,18.45291386972
2,line,33.96310546875,18.5370113148667
2,line,33.97580078125,18.563420697964
2,line,33.9880078125,18.5423234191724
2,line,34.00021484375,18.4472715790398
2,line,34.012421875,18.2998676973835
2,line,34.02462890625,18.1111918817434
2,line,34.0368359375,17.8726736133654
2,line,34.06173828125,17.2228624303455
2,line,34.08615234375,16.3802927650729
2,line,34.11056640625,15.3312910481496
2,line,34.13498046875,14.1643931425048
2,line,34.1471875,13.5830965190415
2,line,34.15939453125,12.9631785290839
2,line,34.17111328125,12.325165797015
2,line,34.18380859375,11.6715574963363
2,line,34.19845703125,10.8572000715348
2,line,34.2106640625,10.2179904456882
2,line,34.22580078125,9.36683219000549
2,line,34.2380078125,8.69943843774671
2,line,34.25021484375,8.07317541647031
2,line,34.262421875,7.40938001482329
2,line,34.27462890625,6.74038009115568
2,line,34.28927734375,5.8842299780629
2,line,34.30197265625,5.19391421098105
2,line,34.31369140625,4.49029550795474
2,line,34.328828125,3.59529988235553
2,line,34.3415234375,2.86091457607964
2,line,34.356171875,1.95458464452627
2,line,34.383515625,0.324788570715483
2,line,34.4137890625,-1.42981019073261
2,line,34.4440625,-3.2302748541809
2,line,34.4684765625,-4.62743065062971
2,line,34.48361328125,-5.48105524072218
2,line,34.4958203125,-6.19691949560562
2,line,34.51095703125,-7.06299176483233
2,line,34.52609375,-7.89986510576036
2,line,34.53830078125,-8.56809353722215
2,line,34.5505078125,-9.2253735304601
2,line,34.56564453125,-10.022594942519
2,line,34.5778515625,-10.6374992458407
2,line,34.59005859375,-11.2366982072538
2,line,34.602265625,-11.8224996337468
2,line,34.61447265625,-12.3814643687163
2,line,34.6266796875,-12.9025894913692
2,line,34.64181640625,-13.5066967074784
2,line,34.656953125,-14.0706487608705
2,line,34.6696484375,-14.4666967005912
2,line,34.6813671875,-14.8211398992415
2,line,34.69357421875,-15.1435658409022
2,line,34.7184765625,-15.6874586767801
2,line,34.74337890625,-16.0682538270635
2,line,34.76779296875,-16.2040268950871
2,line,34.7926953125,-16.1250532481481
2,line,34.8044140625,-16.0216117767144
2,line,34.81662109375,-15.869105763474
2,line,34.82931640625,-15.6450916159424
2,line,34.8415234375,-15.3824016171386
2,line,34.85373046875,-15.0868989375934
2,line,34.86642578125,-14.7059203033602
2,line,34.88107421875,-14.1731960539483
2,line,34.89328125,-13.7260963603892
2,line,34.90548828125,-13.2164927286467
2,line,34.9176953125,-12.7263646750134
2,line,34.9294140625,-12.1758927149982
2,line,34.94162109375,-11.6072072258211
2,line,34.953828125,-11.006104250035
2,line,34.96896484375,-10.222386342806
2,line,34.981171875,-9.59456324322188
2,line,34.99630859375,-8.7256402652474
2,line,35.0114453125,-7.85715324088809
2,line,35.0387890625,-6.19415655809632
2,line,35.063203125,-4.62305910758064
2,line,35.090546875,-2.78896281025671
2,line,35.117890625,-0.886999580775006
2,line,35.13302734375,0.211089216022157
2,line,35.145234375,1.10292952007987
2,line,35.16037109375,2.22310553247297
2,line,35.172578125,3.08239189470323
2,line,35.184296875,3.98269352531177
2,line,35.1969921875,4.86614060718543
2,line,35.20919921875,5.73630650416146
2,line,35.22384765625,6.84635859018055
2,line,35.23654296875,7.71177201477164
2,line,35.24826171875,8.5553748992332
2,line,35.2633984375,9.60714072838801
2,line,35.27609375,10.4200957002998
2,line,35.2907421875,11.400690543017
2,line,35.30587890625,12.3323161148683
2,line,35.31857421875,13.054450164543
2,line,35.3337109375,13.8953735902691
2,line,35.3454296875,14.5400343079554
2,line,35.37033203125,15.7175938181946
2,line,35.39474609375,16.7360070465763
2,line,35.42208984375,17.6289938639827
2,line,35.4469921875,18.2372151668398
2,line,35.45919921875,18.4622066011306
2,line,35.47140625,18.6315856871319
2,line,35.4841015625,18.7569441049766
2,line,35.49630859375,18.8327629667765
2,line,35.508515625,18.8563913570353
2,line,35.5212109375,18.8280117391793
2,line,35.5329296875,18.7385892355819
2,line,35.545625,18.5996436939648
2,line,35.55783203125,18.4023321915768
2,line,35.5700390625,18.1529195237271
2,line,35.58224609375,17.8562688000319
2,line,35.59494140625,17.5045143414333
2,line,35.6071484375,17.103620721523
2,line,35.61935546875,16.6666889148276
2,line,35.63107421875,16.1799531011519
2,line,35.64376953125,15.6304096350622
2,line,35.6559765625,15.063857510547
2,line,35.680390625,13.8552954108054
2,line,35.707734375,12.448440486619
2,line,35.73166015625,11.115744923443
2,line,35.7594921875,9.58839525846177
2,line,35.774140625,8.74018998045615
2,line,35.78927734375,7.88188562160304
2,line,35.80197265625,7.18256982607148
2,line,35.81662109375,6.30870159893769
2,line,35.828828125,5.62595272772424
2,line,35.84103515625,4.86189579740558
2,line,35.8532421875,4.16592067420013
2,line,35.8649609375,3.43740763936563
2,line,35.87716796875,2.67571455905853
2,line,35.89279296875,1.74810127228291
2,line,35.90744140625,0.820353401853736
2,line,35.9196484375,0.0829236640800254
2,line,35.93478515625,-0.809610106220495
2,line,35.9469921875,-1.50056524510322
2,line,35.9587109375,-2.24586512532189
2,line,35.97140625,-2.92089612449639
2,line,35.983125,-3.58174522990572
2,line,36.00802734375,-4.90838365649447
2,line,36.0348828125,-6.32579576510608
2,line,36.0622265625,-7.75652728238433
2,line,36.086640625,-8.97659972750257
2,line,36.09884765625,-9.54485848344085
2,line,36.1110546875,-10.1270032606351
2,line,36.12326171875,-10.6981003473242
2,line,36.13546875,-11.2237853259289
2,line,36.14767578125,-11.7497635370134
2,line,36.15939453125,-12.2789275087326
2,line,36.17208984375,-12.7453746878456
2,line,36.18380859375,-13.2150920851692
2,line,36.1989453125,-13.7712901368509
2,line,36.211640625,-14.1837697220354
2,line,36.223359375,-14.5584142245702
2,line,36.23849609375,-14.9932436583751
2,line,36.25119140625,-15.3222281715748
2,line,36.2633984375,-15.6090756531988
2,line,36.27560546875,-15.8636512557539
2,line,36.28830078125,-16.0805698405536
2,line,36.3005078125,-16.239460841678
2,line,36.324921875,-16.3963350942
2,line,36.3493359375,-16.3462113698905
2,line,36.37423828125,-16.0781613833115
2,line,36.39865234375,-15.6091234290641
2,line,36.41134765625,-15.2634638296545
2,line,36.42306640625,-14.8594799177753
2,line,36.438203125,-14.3041304762893
2,line,36.4508984375,-13.81257415692
2,line,36.465546875,-13.1462592899827
2,line,36.48068359375,-12.4234317357715
2,line,36.49337890625,-11.8021675350411
2,line,36.50802734375,-10.9791597338564
2,line,36.520234375,-10.3044519844189
2,line,36.53244140625,-9.53470303592842
2,line,36.5446484375,-8.8172643592542
2,line,36.55685546875,-8.03225107496109
2,line,36.5690625,-7.18498161478647
2,line,36.58126953125,-6.39568041494705
2,line,36.59298828125,-5.54399955205901
2,line,36.6051953125,-4.71441532949041
2,line,36.61740234375,-3.79501476376217
2,line,36.64474609375,-1.82657888235548
2,line,36.66916015625,-0.00881107553093717
2,line,36.69650390625,2.01106087156599
2,line,36.723359375,3.98526567483775
2,line,36.7360546875,4.84165335370774
2,line,36.750703125,5.86743872867867
2,line,36.76583984375,6.87372191410179
2,line,36.778046875,7.66294172861175
2,line,36.79025390625,8.42740177055943
2,line,36.805390625,9.34152842595325
2,line,36.81759765625,10.0820439593204
2,line,36.8298046875,10.7617442935758
2,line,36.84201171875,11.4336157104875
2,line,36.85421875,12.1126616039003
2,line,36.86642578125,12.7090127449792
2,line,36.8786328125,13.311854536821
2,line,36.8903515625,13.8927535976097
2,line,36.903046875,14.402590600989
2,line,36.914765625,14.8994411911727
2,line,36.92697265625,15.3693904746538
2,line,36.93966796875,15.8070282414323
2,line,36.96408203125,16.5204623220606
2,line,36.988984375,17.092399710331
2,line,37.0133984375,17.4974445057767
2,line,37.0378125,17.7341156261065
2,line,37.05001953125,17.7940161975225
2,line,37.06271484375,17.8066552079723
2,line,37.074921875,17.7589268269399
2,line,37.08712890625,17.6803176076924
2,line,37.09982421875,17.5436301294754
2,line,37.11154296875,17.3687537424838
2,line,37.12423828125,17.1531053455433
2,line,37.13595703125,16.8681913686287
2,line,37.14865234375,16.5413737614332
2,line,37.160859375,16.1756699755008
2,line,37.17306640625,15.7913011050569
2,line,37.18576171875,15.326823208706
2,line,37.19748046875,14.8373645000111
2,line,37.2126171875,14.1854660132797
2,line,37.22482421875,13.6416767906799
2,line,37.2399609375,12.93377555424
2,line,37.25216796875,12.372479285272
2,line,37.27658203125,11.1490325393021
2,line,37.30099609375,9.86214922758501
2,line,37.3278515625,8.38033209795035
2,line,37.3551953125,6.84909262379688
2,line,37.36740234375,6.15194763638771
2,line,37.379609375,5.43601001472027
2,line,37.39181640625,4.73927101879282
2,line,37.4040234375,4.02342116002311
2,line,37.4157421875,3.28572231819012
2,line,37.4284375,2.54236246065249
2,line,37.4430859375,1.64428977718333
2,line,37.45529296875,0.949877166045178
2,line,37.4704296875,0.0271754149942587
2,line,37.48263671875,-0.688497285891681
2,line,37.49435546875,-1.3632289800297
2,line,37.50705078125,-2.06770961330148
2,line,37.51876953125,-2.76933938039642
2,line,37.53390625,-3.60932940857172
2,line,37.5466015625,-4.29119321592449
2,line,37.5583203125,-4.97651133093283
2,line,37.57345703125,-5.83512540663956
2,line,37.60080078125,-7.33422382508504
2,line,37.625703125,-8.62297876448603
2,line,37.65548828125,-10.1343277084941
2,line,37.67990234375,-11.2813721950734
2,line,37.6950390625,-11.9496676875468
2,line,37.707734375,-12.4629241199549
2,line,37.719453125,-12.9407331406879
2,line,37.73458984375,-13.5040142112916
2,line,37.74728515625,-13.9084528503187
2,line,37.762421875,-14.3738554649287
2,line,37.7770703125,-14.7846443238927
2,line,37.789765625,-15.0939768123818
2,line,37.80197265625,-15.3402428404767
2,line,37.8141796875,-15.5594814156199
2,line,37.826875,-15.7293559807788
2,line,37.83908203125,-15.8438794000148
2,line,37.8512890625,-15.9063074807358
2,line,37.8630078125,-15.8989942142269
2,line,37.875703125,-15.8507036354355
2,line,37.88791015625,-15.7473207561221
2,line,37.903046875,-15.5478857099479
2,line,37.92794921875,-15.0441566828943
2,line,37.95236328125,-14.3248532983691
2,line,37.97677734375,-13.4386151425873
2,line,38.00119140625,-12.4078828203829
2,line,38.01583984375,-11.7135323488075
2,line,38.028046875,-11.1012490314011
2,line,38.04318359375,-10.3010829383746
2,line,38.055390625,-9.62471750927413
2,line,38.06759765625,-8.91821395631345
2,line,38.082734375,-8.01298716689359
2,line,38.09494140625,-7.28550289308521
2,line,38.1071484375,-6.50701544492094
2,line,38.11935546875,-5.71005658584389
2,line,38.13107421875,-4.88854605684862
2,line,38.1462109375,-3.86083312967853
2,line,38.15890625,-3.01287127675892
2,line,38.170625,-2.13714619748715
2,line,38.18576171875,-1.04243064932748
2,line,38.19845703125,-0.151028195772893
2,line,38.21310546875,0.979949930918796
2,line,38.2253125,1.87780712406826
2,line,38.2497265625,3.71104368748937
2,line,38.274140625,5.52627043166155
2,line,38.30099609375,7.53126972281636
2,line,38.3258984375,9.23479499474369
2,line,38.340546875,10.2657622171101
2,line,38.35275390625,11.0685393269511
2,line,38.3649609375,11.8429343671624
2,line,38.38009765625,12.7562596795512
2,line,38.3923046875,13.4564733041758
2,line,38.40744140625,14.2954362729566
2,line,38.422578125,15.0811397819918
2,line,38.4352734375,15.6608590724208
2,line,38.44748046875,16.2057627872866
2,line,38.4596875,16.7154492130959
2,line,38.47189453125,17.1796346505511
2,line,38.48458984375,17.5967180815244
2,line,38.49630859375,17.9501686977398
2,line,38.50900390625,18.2575905270333
2,line,38.5212109375,18.5323931415513
2,line,38.53341796875,18.7460083153988
2,line,38.545625,18.9082337277156
2,line,38.57052734375,19.116079953093
2,line,38.59494140625,19.0805776157535
2,line,38.61984375,18.8578807493996
2,line,38.6442578125,18.4165520707927
2,line,38.65646484375,18.1395225613093
2,line,38.668671875,17.7955269570882
2,line,38.6813671875,17.3800044008662
2,line,38.6930859375,16.9398573608496
2,line,38.70529296875,16.4550444978312
2,line,38.7175,15.9236676863667
2,line,38.7301953125,15.367649547239
2,line,38.74240234375,14.7975680910645
2,line,38.754609375,14.1895662622534
2,line,38.76681640625,13.5677616707898
2,line,38.7790234375,12.927738627765
2,line,38.793671875,12.1221120340508
2,line,38.8063671875,11.4647445815936
2,line,38.8180859375,10.7887136141789
2,line,38.83322265625,9.94383837252862
2,line,38.84591796875,9.25875240238977
2,line,38.86056640625,8.40076202869043
2,line,38.88498046875,7.01161960214802
2,line,38.90890625,5.62971868433434
2,line,38.9333203125,4.17501909297071
2,line,38.9606640625,2.52980200729304
2,line,38.97580078125,1.61433082759032
2,line,38.9880078125,0.910857130229157
2,line,39.00021484375,0.139986893959233
2,line,39.012421875,-0.554606186028054
2,line,39.024140625,-1.27338285422312
2,line,39.03927734375,-2.14719713209507
2,line,39.051484375,-2.8607049675278
2,line,39.06662109375,-3.72902659487642
2,line,39.078828125,-4.3902596341671
2,line,39.094453125,-5.2693823162399
2,line,39.1091015625,-6.11171544137392
2,line,39.12130859375,-6.7392547104472
2,line,39.1364453125,-7.56835843119432
2,line,39.15158203125,-8.35968249391093
2,line,39.1637890625,-8.98556796766585
2,line,39.17599609375,-9.58462532494322
2,line,39.1911328125,-10.3075776057182
2,line,39.21896484375,-11.5404356779328
2,line,39.2458203125,-12.6445060462788
2,line,39.270234375,-13.4991414743569
2,line,39.2946484375,-14.2104457125976
2,line,39.30978515625,-14.5993661471359
2,line,39.3219921875,-14.8592331557645
2,line,39.33419921875,-15.1056230364694
2,line,39.34640625,-15.2948555872729
2,line,39.3591015625,-15.4399224761728
2,line,39.37130859375,-15.5405782771241
2,line,39.383515625,-15.5891673694117
2,line,39.39572265625,-15.5796613404589
2,line,39.4079296875,-15.5235084549921
2,line,39.420625,-15.4198753295976
2,line,39.43283203125,-15.2641032953748
2,line,39.4450390625,-15.0646291816129
2,line,39.46017578125,-14.7412570650672
2,line,39.4753125,-14.3464458979588
2,line,39.48751953125,-13.9788709337782
2,line,39.50265625,-13.4575647463261
2,line,39.51779296875,-12.8902535416787
2,line,39.54513671875,-11.7559172591747
2,line,39.57296875,-10.4574550164447
2,line,39.60275390625,-8.83802507929462
2,line,39.63009765625,-7.25907522758281
2,line,39.6423046875,-6.53990465951247
2,line,39.65451171875,-5.73154530054094
2,line,39.66671875,-4.96435316165552
2,line,39.67892578125,-4.1502804416124
2,line,39.69064453125,-3.30922808529454
2,line,39.7028515625,-2.43855419522385
2,line,39.71798828125,-1.33469589167796
2,line,39.7301953125,-0.436696572721766
2,line,39.74533203125,0.736411378682234
2,line,39.7575390625,1.64604957530823
2,line,39.76974609375,2.59878412104249
2,line,39.781953125,3.54695072939995
2,line,39.79416015625,4.50608730151261
2,line,39.80880859375,5.68894536170688
2,line,39.82150390625,6.64413470215792
2,line,39.83322265625,7.57213246677457
2,line,39.848359375,8.67679840599653
2,line,39.8727734375,10.4054809929039
2,line,39.9001171875,12.2296623875158
2,line,39.930390625,14.0268885025141
2,line,39.9548046875,15.3028388206505
2,line,39.96701171875,15.8709422576285
2,line,39.97970703125,16.406373130433
2,line,39.9919140625,16.8673553880133
2,line,40.00412109375,17.2679980553428
2,line,40.016328125,17.6362400024368
2,line,40.0290234375,17.9360744968161
2,line,40.04123046875,18.1770528484156
2,line,40.0534375,18.3775828579585
2,line,40.06564453125,18.523314210682
2,line,40.0778515625,18.6106098774266
2,line,40.09005859375,18.6456361095708
2,line,40.10275390625,18.6359083635756
2,line,40.1149609375,18.5657242178077
2,line,40.12716796875,18.4430724137873
2,line,40.13986328125,18.2706915230691
2,line,40.1520703125,18.0459809460212
2,line,40.16427734375,17.7797622174648
2,line,40.18869140625,17.0746620848926
2,line,40.21310546875,16.2491583205223
2,line,40.23751953125,15.2434799180745
2,line,40.2653515625,13.9797054170311
2,line,40.2770703125,13.3815155699334
2,line,40.29220703125,12.6325685321067
2,line,40.3044140625,12.0171282542551
2,line,40.31955078125,11.2492432960748
2,line,40.3317578125,10.6511058284158
2,line,40.34396484375,9.99650399892064
2,line,40.356171875,9.38110379541782
2,line,40.36837890625,8.74439420742191
2,line,40.38009765625,8.10784040441548
2,line,40.3923046875,7.46004749597082
2,line,40.40744140625,6.65362088379089
2,line,40.4196484375,6.01971255099696
2,line,40.43185546875,5.32399050180727
2,line,40.4440625,4.67747952710832
2,line,40.45578125,4.00116131751622
2,line,40.4684765625,3.31666428746961
2,line,40.4801953125,2.60476508020788
2,line,40.5075390625,1.03711698395284
2,line,40.5348828125,-0.536598319462211
2,line,40.559296875,-1.98518490493849
2,line,40.586640625,-3.59678754111976
2,line,40.60177734375,-4.48578062470512
2,line,40.61642578125,-5.35780853420954
2,line,40.62912109375,-6.06134654613649
2,line,40.64083984375,-6.76339338386246
2,line,40.6559765625,-7.63213266358883
2,line,40.668671875,-8.29866524763626
2,line,40.6833203125,-9.13099770204686
2,line,40.69845703125,-9.93805800019446
2,line,40.71115234375,-10.5704490015714
2,line,40.72580078125,-11.3303624937233
2,line,40.7409375,-12.0495400238105
2,line,40.7536328125,-12.6097125249582
2,line,40.7653515625,-13.1322702620546
2,line,40.78048828125,-13.7430361687649
2,line,40.79318359375,-14.1976588643626
2,line,40.80490234375,-14.6057842249612
2,line,40.8200390625,-15.0499285471299
2,line,40.84494140625,-15.6259867212263
2,line,40.86984375,-16.0500808912137
2,line,40.8942578125,-16.2873518788475
2,line,40.918671875,-16.3005510575066
2,line,40.93087890625,-16.218237802228
2,line,40.9430859375,-16.0920069496436
2,line,40.95578125,-15.9077465074059
2,line,40.96798828125,-15.6742324189192
2,line,40.9801953125,-15.3888132209209
2,line,40.992890625,-15.0650817938023
2,line,41.0075390625,-14.5895839964686
2,line,41.020234375,-14.1500945793686
2,line,41.03244140625,-13.6604829233163
2,line,41.0446484375,-13.138042968954
2,line,41.059296875,-12.4705409093551
2,line,41.07150390625,-11.9030279796988
2,line,41.0837109375,-11.3222796508009
2,line,41.09884765625,-10.5617491168006
2,line,41.1110546875,-9.91881647779014
2,line,41.12619140625,-9.0930188684351
2,line,41.1383984375,-8.43460182703159
2,line,41.1628125,-7.01805154864681
2,line,41.18966796875,-5.35302121115795
2,line,41.21408203125,-3.79888870938909
2,line,41.2419140625,-1.9748797291055
2,line,41.2565625,-0.956511770996451
2,line,41.26876953125,-0.126059267922832
2,line,41.2809765625,0.781303472761286
2,line,41.29318359375,1.60144463427914
2,line,41.30490234375,2.46690500891564
2,line,41.31759765625,3.33123026093162
2,line,41.32931640625,4.21176490140903
2,line,41.344453125,5.31116309798602
2,line,41.3571484375,6.17950965192389
2,line,41.371796875,7.26652543650309
2,line,41.38693359375,8.29194956267204
2,line,41.39962890625,9.10877991857462
2,line,41.41427734375,10.0929420931415
2,line,41.4294140625,11.0198074203717
2,line,41.442109375,11.7562456635919
2,line,41.453828125,12.4656690069282
2,line,41.46896484375,13.2882343798014
2,line,41.49630859375,14.6698594550207
2,line,41.524140625,15.8724453123457
2,line,41.5485546875,16.730080700072
2,line,41.57345703125,17.4071506362169
2,line,41.5856640625,17.6656396190477
2,line,41.59787109375,17.8828171546017
2,line,41.61349609375,18.0734253011547
2,line,41.625703125,18.1722196090368
2,line,41.637421875,18.2294057752467
2,line,41.653046875,18.2234026591619
2,line,41.66525390625,18.158740754819
2,line,41.6774609375,18.0443298003327
2,line,41.69015625,17.8914336466885
2,line,41.70236328125,17.6828112633242
2,line,41.7145703125,17.4447938382148
2,line,41.727265625,17.132180275706
2,line,41.738984375,16.7800690944306
2,line,41.75119140625,16.3752450037548
2,line,41.76388671875,15.9207944538271
2,line,41.77609375,15.4628969363718
2,line,41.78830078125,14.9612509779203
2,line,41.81271484375,13.8550429028609
2,line,41.8395703125,12.5318319846459
2,line,41.8669140625,11.1606222520089
2,line,41.891328125,9.91552748786668
2,line,41.90646484375,9.14020760627231
2,line,41.918671875,8.53512134171889
2,line,41.93087890625,7.87534474235727
2,line,41.9430859375,7.27646210840583
2,line,41.9548046875,6.64753390841058
2,line,41.9675,6.00585328398807
2,line,41.9821484375,5.19522749577579
2,line,41.99728515625,4.37626756465532
2,line,42.00998046875,3.71027288140038
2,line,42.02462890625,2.84185477402588
2,line,42.039765625,1.98403526500985
2,line,42.05197265625,1.27884302351173
2,line,42.067109375,0.405187007676515
2,line,42.07931640625,-0.274941332592774
2,line,42.0915234375,-0.982182438795048
2,line,42.10373046875,-1.6837922613465
2,line,42.11837890625,-2.56250584485496
2,line,42.14572265625,-4.112484738324
2,line,42.1735546875,-5.65103304294934
2,line,42.20333984375,-7.3627744499527
2,line,42.22775390625,-8.70127822625677
2,line,42.242890625,-9.51605109917954
2,line,42.2555859375,-10.1520371475291
2,line,42.270234375,-10.9129985643108
2,line,42.28537109375,-11.6407792990019
2,line,42.29806640625,-12.1962319277251
2,line,42.30978515625,-12.7196250967223
2,line,42.324921875,-13.3361878062716
2,line,42.3376171875,-13.7990409102405
2,line,42.3493359375,-14.2214633042852
2,line,42.36447265625,-14.6797953022226
2,line,42.37716796875,-15.008467221655
2,line,42.389375,-15.3017303401532
2,line,42.40158203125,-15.5602596802962
2,line,42.41427734375,-15.7741320106254
2,line,42.42599609375,-15.9311574220794
2,line,42.438203125,-16.0322570898711
2,line,42.45041015625,-16.082909248481
2,line,42.4753125,-15.9824362599231
2,line,42.50021484375,-15.6802133380024
2,line,42.52462890625,-15.1640828362133
2,line,42.54904296875,-14.4466583867563
2,line,42.56125,-14.0173783278461
2,line,42.57296875,-13.5359424444382
2,line,42.5856640625,-13.0244342585226
2,line,42.6003125,-12.3603693825149
2,line,42.61251953125,-11.7893608239914
2,line,42.6247265625,-11.2002685875426
2,line,42.63986328125,-10.4250102828392
2,line,42.6520703125,-9.77589951677519
2,line,42.66720703125,-8.93300239812433
2,line,42.6794140625,-8.2327815845642
2,line,42.69162109375,-7.55293984224132
2,line,42.703828125,-6.78844024385034
2,line,42.71603515625,-6.07601224459096
2,line,42.72775390625,-5.31587424434578
2,line,42.74044921875,-4.53062804956028
2,line,42.75216796875,-3.75376629465459
2,line,42.7673046875,-2.76952985452324
2,line,42.7946484375,-0.946865958905217
2,line,42.8190625,0.739982491795611
2,line,42.84298828125,2.42248061211358
2,line,42.86740234375,4.14858063391872
2,line,42.8825390625,5.19809221511763
2,line,42.89474609375,6.00786436095648
2,line,42.906953125,6.91067614884702
2,line,42.91916015625,7.71009388225681
2,line,42.9313671875,8.53092156220484
2,line,42.94357421875,9.34914560534929
2,line,42.95578125,10.141144864486
2,line,42.9704296875,11.0930358580473
2,line,42.983125,11.8389064636651
2,line,42.99484375,12.5654598672641
2,line,43.00998046875,13.4426498222838
2,line,43.02267578125,14.1176817283324
2,line,43.03439453125,14.7517525569523
2,line,43.0466015625,15.3568095516066
2,line,43.05880859375,15.9353960510861
2,line,43.07150390625,16.4227695711084
2,line,43.0837109375,16.9043444691017
2,line,43.10861328125,17.7175497166921
2,line,43.13302734375,18.3366521154575
2,line,43.16037109375,18.7745088225373
2,line,43.1852734375,18.9755010229632
2,line,43.19748046875,18.9888341479518
2,line,43.2096875,18.949255987322
2,line,43.22189453125,18.848821298854
2,line,43.23458984375,18.7046685720781
2,line,43.246796875,18.4859146657225
2,line,43.258515625,18.2113763277656
2,line,43.2712109375,17.8763420824359
2,line,43.28341796875,17.4957237183766
2,line,43.295625,17.0678101123126
2,line,43.3083203125,16.5871845867919
2,line,43.32052734375,16.0695929020736
2,line,43.332734375,15.5170369452808
2,line,43.34494140625,14.8946416569059
2,line,43.3571484375,14.3032987847906
2,line,43.3688671875,13.664053521351
2,line,43.38107421875,13.0082311128262
2,line,43.39328125,12.333842738836
2,line,43.420625,10.8128559471729
2,line,43.4450390625,9.40036750537319
2,line,43.469453125,7.97873809117724
2,line,43.49630859375,6.36573890675982
2,line,43.50900390625,5.63524629350412
2,line,43.52365234375,4.73258036183
2,line,43.535859375,4.03221850973701
2,line,43.54806640625,3.24889302909321
2,line,43.5602734375,2.52375463861132
2,line,43.57248046875,1.79407119947936
2,line,43.58419921875,1.06158592602968
2,line,43.59640625,0.320744495027185
2,line,43.61154296875,-0.598654203258556
2,line,43.62375,-1.30857056955831
2,line,43.63595703125,-2.05916654917221
2,line,43.64767578125,-2.75409747374609
2,line,43.6628125,-3.62157831433505
2,line,43.6755078125,-4.3099335555642
2,line,43.6872265625,-4.99585353725338
2,line,43.70236328125,-5.83016186606149
2,line,43.71505859375,-6.51761950233986
2,line,43.7419140625,-8.00899676012506
2,line,43.7692578125,-9.45226905854453
2,line,43.79708984375,-10.8198863306535
2,line,43.8239453125,-12.0871825143508
2,line,43.836640625,-12.6086436574098
2,line,43.848359375,-13.1133327117844
2,line,43.86349609375,-13.7017019915089
2,line,43.87619140625,-14.1446900671137
2,line,43.88791015625,-14.5436078931377
2,line,43.903046875,-14.9835800721603
2,line,43.9157421875,-15.2987325510953
2,line,43.92794921875,-15.575966843842
2,line,43.94015625,-15.8125540403057
2,line,43.95236328125,-16.0190002423133
2,line,43.9645703125,-16.1678847309103
2,line,43.977265625,-16.2549324667613
2,line,43.98947265625,-16.2803389227467
2,line,44.0016796875,-16.2471642107298
2,line,44.01388671875,-16.1645472800834
2,line,44.02609375,-16.0318172965971
2,line,44.0387890625,-15.8247797599793
2,line,44.063203125,-15.2792822586353
2,line,44.090546875,-14.3829403645704
2,line,44.11447265625,-13.3729733338413
2,line,44.139375,-12.2592388953581
2,line,44.15109375,-11.6514754981652
2,line,44.1637890625,-11.0140308137766
2,line,44.1784375,-10.1870414396516
2,line,44.19357421875,-9.31998037746539
2,line,44.20578125,-8.58719357032752
2,line,44.22091796875,-7.64628294790697
2,line,44.233125,-6.91495721909421
2,line,44.24533203125,-6.09984063431493
2,line,44.2575390625,-5.35861476113458
2,line,44.26974609375,-4.54239858823707
2,line,44.281953125,-3.70528823143222
2,line,44.29416015625,-2.92508075570759
2,line,44.30880859375,-1.9169511945235
2,line,44.32150390625,-1.20110234270653
2,line,44.33615234375,-0.328075530096622
2,line,44.3512890625,0.477018860245644
2,line,44.36349609375,1.2055022343335
2,line,44.38791015625,2.64299736512932
2,line,44.41232421875,4.26902277997312
2,line,44.43625,5.89367682889867
2,line,44.46359375,7.5755957221046
2,line,44.47580078125,8.28131354241365
2,line,44.4880078125,8.97439247862516
2,line,44.50314453125,9.79674665410046
2,line,44.5153515625,10.4210943989037
2,line,44.53048828125,11.2240043802301
2,line,44.545625,11.9599955399818
2,line,44.55783203125,12.489882201219
2,line,44.5700390625,13.0321072831234
2,line,44.58224609375,13.5030071828551
2,line,44.594453125,13.9700170533642
2,line,44.60666015625,14.4177675466976
2,line,44.6188671875,14.8456428664832
2,line,44.6305859375,15.2541658594279
2,line,44.64279296875,15.6600309419093
2,line,44.65548828125,16.011665384118
2,line,44.6676953125,16.363786850078
2,line,44.67990234375,16.666741273457
2,line,44.7048046875,17.2052038467006
2,line,44.72921875,17.6007695037015
2,line,44.7536328125,17.8413882881344
2,line,44.77853515625,17.9254379324703
2,line,44.79025390625,17.902834562059
2,line,44.8024609375,17.8381331933334
2,line,44.81515625,17.734853565553
2,line,44.82736328125,17.5987682344653
2,line,44.8395703125,17.4283870411528
2,line,44.852265625,17.2249100729747
2,line,44.86447265625,16.9941818410293
2,line,44.8766796875,16.7329483434436
2,line,44.88888671875,16.4301133119328
2,line,44.90109375,16.1092351453317
2,line,44.9137890625,15.7639758731009
2,line,44.9255078125,15.3770053235232
2,line,44.938203125,14.9848080616466
2,line,44.95041015625,14.5907969520833
2,line,44.96212890625,14.1593322544873
2,line,44.97482421875,13.7119850484064
2,line,44.98703125,13.2453871789919
2,line,45.014375,12.1487540462489
2,line,45.04123046875,11.010589636023
2,line,45.06564453125,9.96107404953608
2,line,45.09298828125,8.79212948700667
2,line,45.1051953125,8.29582991298953
2,line,45.11740234375,7.78876354879999
2,line,45.12912109375,7.27344462320405
2,line,45.14181640625,6.81924994868088
2,line,45.15646484375,6.25767183472532
2,line,45.168671875,5.83216430189095
2,line,45.18087890625,5.43385868797007
2,line,45.196015625,4.97031443217204
2,line,45.20822265625,4.62783343509131
2,line,45.223359375,4.23516671754125
2,line,45.23556640625,3.96390503934269
2,line,45.2477734375,3.7093077244753
2,line,45.25998046875,3.48120041063089
2,line,45.27169921875,3.2839773557087
2,line,45.2868359375,3.0867339775934
2,line,45.29953125,2.95745134990043
2,line,45.3141796875,2.84692656914358
2,line,45.33859375,2.77643029532936
2,line,45.3630078125,2.84310725016898
2,line,45.387421875,3.05301573713164
2,line,45.414765625,3.45303594249483
2,line,45.4294140625,3.74360672136814
2,line,45.44162109375,4.00172508222188
2,line,45.45333984375,4.30922412868839
2,line,45.46603515625,4.6166233392131
2,line,45.4782421875,4.95724311747257
2,line,45.4899609375,5.31485367151632
2,line,45.50265625,5.69107354303741
2,line,45.5173046875,6.18073700698984
2,line,45.52951171875,6.56551330488099
2,line,45.54171875,6.99987049709249
2,line,45.55392578125,7.40108488530773
2,line,45.56564453125,7.82389723680754
2,line,45.57833984375,8.25017996286727
2,line,45.59005859375,8.67325808942221
2,line,45.6051953125,9.19601160042754
2,line,45.617890625,9.61167210490221
2,line,45.6325390625,10.1182480330571
2,line,45.656953125,10.9036389587726
2,line,45.684296875,11.706381696738
2,line,45.7087109375,12.3640076986452
2,line,45.73263671875,12.9333596584842
2,line,45.74533203125,13.182716560749
2,line,45.75705078125,13.4070544710968
2,line,45.7721875,13.6480630655594
2,line,45.7848828125,13.8115780065827
2,line,45.7966015625,13.9472032087635
2,line,45.81173828125,14.077367066626
2,line,45.8239453125,14.155061959027
2,line,45.83615234375,14.1998796284148
2,line,45.848359375,14.2192362741251
2,line,45.86056640625,14.2112367540225
2,line,45.8727734375,14.1842271088144
2,line,45.88498046875,14.1298970096896
2,line,45.89669921875,14.0497741222711
2,line,45.90939453125,13.9450997935412
2,line,45.92111328125,13.818336401394
2,line,45.93625,13.6339671233751
2,line,45.9489453125,13.4628071996942
2,line,45.97873046875,12.9555676710316
2,line,46.00314453125,12.4784874794605
2,line,46.03390625,11.8407236036032
2,line,46.06076171875,11.4247913776136
2,line,46.0758984375,11.3492951134586
2,line,46.08810546875,11.3807245554077
2,line,46.1003125,11.3993389402835
2,line,46.11251953125,11.2976043221454
2,line,46.1247265625,11.2058923492703
2,line,46.139375,11.0151893515087
2,line,46.1520703125,10.9243950004296
2,line,46.1637890625,10.8505922579626
2,line,46.17892578125,10.7626738250599
2,line,46.19162109375,10.6738305948654
2,line,46.20626953125,10.5141125750009
2,line,46.22140625,10.3136267186698
2,line,46.23361328125,10.1278494113585
2,line,46.24875,9.87794724419514
2,line,46.26095703125,9.67590126443715
2,line,46.27609375,9.38948227577794
2,line,46.29123046875,9.12811665925367
2,line,46.31857421875,8.71084001954653
2,line,46.34298828125,8.43615697901529
2,line,46.36740234375,8.25035568036259
2,line,46.39181640625,8.18181480361243
2,line,46.4040234375,8.17215885215466
2,line,46.418671875,8.19097876707605
2,line,46.4313671875,8.22094181593972
2,line,46.4430859375,8.27362978071893
2,line,46.45822265625,8.35309221928785
2,line,46.47091796875,8.42104372300841
2,line,46.48556640625,8.50639490080441
2,line,46.500703125,8.59243120373542
2,line,46.5133984375,8.66038481920001
2,line,46.528046875,8.74185385246246
2,line,46.54318359375,8.82546414040512
2,line,46.555390625,8.8972133094285
2,line,46.57052734375,8.98902516473545
2,line,46.582734375,9.05360102448756
2,line,46.59494140625,9.12643362411562
2,line,46.6071484375,9.19920341480506
2,line,46.62228515625,9.3020425658576
2,line,46.64669921875,9.5022388891404
2,line,46.67404296875,9.75534379102506
2,line,46.7008984375,10.0407916751792
2,line,46.7282421875,10.3387471590661
2,line,46.74337890625,10.5096655963549
2,line,46.75607421875,10.6413023502162
2,line,46.77072265625,10.7952880844019
2,line,46.7829296875,10.8996775884459
2,line,46.79513671875,11.0013379938514
2,line,46.80734375,11.088975776426
2,line,46.81955078125,11.1674047041236
2,line,46.83126953125,11.2320330464524
2,line,46.8434765625,11.2881822102621
2,line,46.85861328125,11.3448666995699
2,line,46.8708203125,11.3815460879578
2,line,46.88595703125,11.4190014417956
2,line,46.8981640625,11.4373684221962
2,line,46.91037109375,11.4510361855301
2,line,46.922578125,11.4568242390147
2,line,46.93478515625,11.4542382130334
2,line,46.9469921875,11.445831960522
2,line,46.97140625,11.3846204490642
2,line,46.9958203125,11.2736232821937
2,line,47.0231640625,11.0849304309509
2,line,47.047578125,10.862928253604
2,line,47.06271484375,10.7023947002588
2,line,47.07443359375,10.5631378035117
2,line,47.08712890625,10.4159792976906
2,line,47.10177734375,10.2275183023862
2,line,47.113984375,10.0746449774195
2,line,47.12912109375,9.87013133177998
2,line,47.141328125,9.72030639092578
2,line,47.15353515625,9.56535986060208
2,line,47.1657421875,9.41051352202838
2,line,47.17794921875,9.27183465230598
2,line,47.18966796875,9.13618156402801
2,line,47.20236328125,9.0033018331078
2,line,47.21701171875,8.84647504258401
2,line,47.2321484375,8.70014947558487
2,line,47.24484375,8.5863414341734
2,line,47.2594921875,8.45928235150273
2,line,47.27462890625,8.34017785266215
2,line,47.30197265625,8.16662783508346
2,line,47.33224609375,8.04296631199992
2,line,47.35958984375,7.99646335005401
2,line,47.38693359375,8.01783123570332
2,line,47.39865234375,8.0497263603879
2,line,47.41134765625,8.10054885512246
2,line,47.42306640625,8.16231260465713
2,line,47.438203125,8.25493129245676
2,line,47.45041015625,8.34420944009177
2,line,47.465546875,8.46987991122189
2,line,47.48068359375,8.60951890322206
2,line,47.49630859375,8.76259299556066
2,line,47.51095703125,8.92173485262598
2,line,47.5231640625,9.05232072712666
2,line,47.53830078125,9.21380498941917
2,line,47.5505078125,9.34177734792596
2,line,47.56271484375,9.48333837238936
2,line,47.5778515625,9.64768941725674
2,line,47.59005859375,9.77283311154049
2,line,47.60177734375,9.90090300249773
2,line,47.61447265625,10.0289656375416
2,line,47.641328125,10.2964144995875
2,line,47.6657421875,10.5056054804122
2,line,47.69357421875,10.7094345396723
2,line,47.7204296875,10.8803270500732
2,line,47.733125,10.9394800077047
2,line,47.7477734375,11.0013314792908
2,line,47.76291015625,11.0465784699394
2,line,47.7751171875,11.0751422983482
2,line,47.79025390625,11.0980817171483
2,line,47.8024609375,11.1045803952222
2,line,47.81466796875,11.1053799333517
2,line,47.826875,11.1006652884916
2,line,47.83908203125,11.0903931975639
2,line,47.8512890625,11.07208869819
2,line,47.86349609375,11.0511133138421
2,line,47.87814453125,11.0108459490761
2,line,47.89083984375,10.9786429915653
2,line,47.90255859375,10.9382562177333
2,line,47.9176953125,10.8815059072448
2,line,47.92990234375,10.8357634859692
2,line,47.9450390625,10.7759302647306
2,line,47.969453125,10.6706680004434
2,line,47.996796875,10.5517465696615
2,line,48.0212109375,10.4411159665534
2,line,48.04806640625,10.3063285753462
2,line,48.06076171875,10.2469016331106
2,line,48.07541015625,10.1770885517286
2,line,48.0876171875,10.1149380336114
2,line,48.09982421875,10.061321562
2,line,48.1149609375,9.98870664901826
2,line,48.12716796875,9.93782096866209
2,line,48.139375,9.88129212155711
2,line,48.15158203125,9.83021231117753
2,line,48.16330078125,9.77911176105418
2,line,48.17599609375,9.73631207193453
2,line,48.19064453125,9.68303373895166
2,line,48.20578125,9.63768004364292
2,line,48.2184765625,9.60293979295718
2,line,48.233125,9.56866297271459
2,line,48.24826171875,9.53686387975908
2,line,48.26046875,9.51862918882411
2,line,48.27560546875,9.50075143037114
2,line,48.30587890625,9.48641831921895
2,line,48.33322265625,9.49638587161057
2,line,48.36056640625,9.52550439320558
2,line,48.38498046875,9.57352975877619
2,line,48.3971875,9.59883895158077
2,line,48.4118359375,9.63523281546068
2,line,48.42453125,9.66886998962203
2,line,48.43625,9.70200033611386
2,line,48.45138671875,9.74906438200305
2,line,48.46408203125,9.79097838705779
2,line,48.47873046875,9.84631398349057
2,line,48.4938671875,9.90189084013152
2,line,48.50607421875,9.9487458437809
2,line,48.51828125,9.99566164123809
2,line,48.53341796875,10.0563688845404
2,line,48.545625,10.1060414441972
2,line,48.56076171875,10.1695306980412
2,line,48.5758984375,10.230274341374
2,line,48.58810546875,10.2773486262856
2,line,48.6032421875,10.3378377138303
2,line,48.61544921875,10.3821542559556
2,line,48.64279296875,10.4786610830704
2,line,48.66720703125,10.5533274221695
2,line,48.69455078125,10.628183134363
2,line,48.71896484375,10.680843615717
2,line,48.731171875,10.7006505246527
2,line,48.74337890625,10.7172023224019
2,line,48.7555859375,10.7312333562366
2,line,48.770234375,10.7452694664307
2,line,48.7829296875,10.7483060433596
2,line,48.7946484375,10.7542685512822
2,line,48.80978515625,10.7518969638517
2,line,48.8219921875,10.7493721697585
2,line,48.83419921875,10.7387482689023
2,line,48.8493359375,10.7199912640923
2,line,48.86154296875,10.7014468822115
2,line,48.87375,10.6827128831294
2,line,48.88888671875,10.6558369416664
2,line,48.90109375,10.6288152131049
2,line,48.91623046875,10.5939848112488
2,line,48.9313671875,10.5507877758594
2,line,48.94357421875,10.5156741250207
2,line,48.97384765625,10.4078301365129
2,line,48.99826171875,10.3104991633958
2,line,49.02609375,10.1971462131438
2,line,49.05294921875,10.083950703338
2,line,49.06515625,10.0328608092592
2,line,49.08029296875,9.97070534903763
2,line,49.0925,9.92226118869974
2,line,49.10421875,9.86564485546713
2,line,49.1169140625,9.81714334251389
2,line,49.12912109375,9.76601093880173
2,line,49.14376953125,9.70932417550187
2,line,49.15646484375,9.66376235328888
2,line,49.16818359375,9.62060453483055
2,line,49.1833203125,9.56946586724118
2,line,49.196015625,9.53450274384177
2,line,49.21115234375,9.49160538732864
2,line,49.22287109375,9.45933074817306
2,line,49.23556640625,9.4296828273959
2,line,49.25021484375,9.39755097246996
2,line,49.2653515625,9.37075961756628
2,line,49.278046875,9.34928094628684
2,line,49.30490234375,9.31460873863809
2,line,49.33224609375,9.29345356116574
2,line,49.35958984375,9.28019481342765
2,line,49.38400390625,9.27762190313326
2,line,49.3962109375,9.27506145672418
2,line,49.40841796875,9.27793996082377
2,line,49.420625,9.28321405438184
2,line,49.43283203125,9.29454939682549
2,line,49.44455078125,9.30538377680827
2,line,49.4596875,9.32162711922515
2,line,49.4723828125,9.33816840998152
2,line,49.48751953125,9.35987739031834
2,line,49.50216796875,9.37878665594818
2,line,49.51486328125,9.39223327182529
2,line,49.52658203125,9.40579279341383
2,line,49.54171875,9.42737437098727
2,line,49.5544140625,9.44613417864901
2,line,49.5690625,9.47065963687538
2,line,49.58419921875,9.49518424675161
2,line,49.59689453125,9.51708975765957
2,line,49.60861328125,9.54137077710481
2,line,49.6364453125,9.58492794580443
2,line,49.66623046875,9.63148616090603
2,line,49.69357421875,9.66926556083015
2,line,49.72140625,9.70214008152879
2,line,49.733125,9.71584793484825
2,line,49.74826171875,9.72657073222699
2,line,49.76046875,9.73770625733538
2,line,49.77560546875,9.74842823326822
2,line,49.7878125,9.75407621813133
2,line,49.80001953125,9.75972428347984
2,line,49.81515625,9.76238917446559
2,line,49.82736328125,9.76255003692537
2,line,49.8395703125,9.76563087234617
2,line,49.85177734375,9.76297765656313
2,line,49.863984375,9.76057303108365
2,line,49.875703125,9.75792193565746
2,line,49.8883984375,9.75551943436714
2,line,49.90353515625,9.75059429691415
2,line,49.91525390625,9.74538297506756
2,line,49.9274609375,9.74006161148112
2,line,49.94259765625,9.73197159365374
2,line,49.9704296875,9.71913205866043
2,line,49.99728515625,9.70609457130915
2,line,50.02462890625,9.69326923900361
2,line,50.0524609375,9.68276186372342
2,line,50.067109375,9.6749336974491
2,line,50.07931640625,9.67230239606283
2,line,50.094453125,9.66971543583857
2,line,50.10958984375,9.66733308997866
2,line,50.12228515625,9.66495180695104
2,line,50.13400390625,9.66512595595044
2,line,50.149140625,9.66509693112973
2,line,50.16134765625,9.66795578525101
2,line,50.176484375,9.66817410601688
2,line,50.18869140625,9.6684823276743
2,line,50.2008984375,9.66845495803826
2,line,50.21603515625,9.66842758839776
2,line,50.2282421875,9.67153731211336
2,line,50.2399609375,9.67719787704103
2,line,50.25265625,9.67457757205193
2,line,50.264375,9.67455122130875
2,line,50.27951171875,9.67770825529702
2,line,50.30685546875,9.68059380738757
2,line,50.33126953125,9.6782006443074
2,line,50.35861328125,9.67580981679859
2,line,50.38302734375,9.67078833467576
2,line,50.395234375,9.65986662910225
2,line,50.40744140625,9.65745870719278
2,line,50.4196484375,9.65484955880926
2,line,50.434296875,9.64716222361722
2,line,50.4469921875,9.63402683803735
2,line,50.4587109375,9.62399173117365
2,line,50.47384765625,9.60532716506048
2,line,50.4860546875,9.59756151533136
2,line,50.5016796875,9.58744255750395
2,line,50.516328125,9.57966414070089
2,line,50.5290234375,9.57457376747112
2,line,50.543671875,9.56948101183542
2,line,50.55880859375,9.56991793060962
2,line,50.57150390625,9.56740764540571
2,line,50.58322265625,9.56490773928935
2,line,50.598359375,9.56529003059559
2,line,50.6110546875,9.562737869857
2,line,50.64083984375,9.57108001365695
2,line,50.66525390625,9.58249389572416
2,line,50.6930859375,9.59635193452051
2,line,50.72287109375,9.62414158013942
2,line,50.73556640625,9.63511738429692
2,line,50.75021484375,9.65438608711345
2,line,50.7653515625,9.67632885033326
2,line,50.77755859375,9.69288824179148
2,line,50.789765625,9.71200869950609
2,line,50.80490234375,9.73631049249973
2,line,50.817109375,9.755630643343
2,line,50.83224609375,9.78305434616281
2,line,50.844453125,9.80766181859128
2,line,50.85666015625,9.82934865166639
2,line,50.8688671875,9.85370202910345
2,line,50.88107421875,9.87862062754653
2,line,50.89328125,9.90302758045068
2,line,50.90548828125,9.92477179854859
2,line,50.91720703125,9.94400043507273
2,line,50.9294140625,9.96306802915766
2,line,50.94162109375,9.98208131856635
2,line,50.96896484375,10.020160201143
2,line,50.99630859375,10.047405001126
2,line,51.02365234375,10.0720128534883
2,line,51.04806640625,10.0862752253422
2,line,51.0602734375,10.0972592680421
2,line,51.07248046875,10.1053853405116
2,line,51.0846875,10.1105996243331
2,line,51.09689453125,10.1163477119669
2,line,51.1091015625,10.11892077934
2,line,51.12375,10.1193208805198
2,line,51.1364453125,10.1189821999214
2,line,51.1481640625,10.119284119244
2,line,51.16330078125,10.1136555196381
2,line,51.1755078125,10.1057580231542
2,line,51.19064453125,10.0977972594448
2,line,51.20578125,10.0869265738941
2,line,51.2184765625,10.0736936152449
2,line,51.233125,10.0576916238791
2,line,51.24826171875,10.035820294147
2,line,51.26095703125,10.0171086818997
2,line,51.27267578125,9.99251646692161
2,line,51.3005078125,9.94105737356492
2,line,51.33029296875,9.88153010600905
2,line,51.35470703125,9.83023260466883
2,line,51.3825390625,9.77589477180937
2,line,51.3971875,9.74346686532739
2,line,51.41232421875,9.71626443845006
2,line,51.42501953125,9.69747160147741
2,line,51.43966796875,9.672989373386
2,line,51.451875,9.65653344719985
2,line,51.46408203125,9.63772438983666
2,line,51.47921875,9.62414351689959
2,line,51.49142578125,9.61323112902213
2,line,51.5036328125,9.60500764995428
2,line,51.51583984375,9.59703651130723
2,line,51.52755859375,9.59429513176828
2,line,51.539765625,9.59180622300131
2,line,51.5524609375,9.59185620472386
2,line,51.567109375,9.59713680007179
2,line,51.57931640625,9.60561844916997
2,line,51.5915234375,9.61357479150499
2,line,51.60666015625,9.62426856324632
2,line,51.63400390625,9.65396293279782
2,line,51.65841796875,9.6808460938235
2,line,51.68283203125,9.7079861759205
2,line,51.70724609375,9.73504244826095
2,line,51.71896484375,9.74847777211284
2,line,51.7341015625,9.76478276512011
2,line,51.746796875,9.77566252072373
2,line,51.7614453125,9.78902249737465
2,line,51.77658203125,9.79989831967931
2,line,51.78927734375,9.80828947515753
2,line,51.80099609375,9.81101408281875
2,line,51.8161328125,9.81638963537492
2,line,51.828828125,9.81648545607573
2,line,51.8434765625,9.81392564764533
2,line,51.85861328125,9.80545548301555
2,line,51.87130859375,9.79456959246237
2,line,51.88302734375,9.78322433600841
2,line,51.8981640625,9.76684290622347
2,line,51.91037109375,9.75025624409355
2,line,51.9255078125,9.73381763846787
2,line,51.93771484375,9.72023199495841
2,line,51.96505859375,9.67355402531312
2,line,51.98947265625,9.63536541856108
2,line,52.01388671875,9.5915276062139
2,line,52.03830078125,9.54216781002069
2,line,52.05294921875,9.50945135865297
2,line,52.06515625,9.48747885124986
2,line,52.07736328125,9.46001135659361
2,line,52.0925,9.42699068456355
2,line,52.10470703125,9.39917941848155
2,line,52.12033203125,9.36615094624882
2,line,52.13498046875,9.33871338993418
2,line,52.1471875,9.31689873666394
2,line,52.15939453125,9.29464760920284
2,line,52.17453125,9.27282631136005
2,line,52.18673828125,9.2561427476201
2,line,52.1989453125,9.23980565691032
2,line,52.21115234375,9.22295315384391
2,line,52.223359375,9.20635328960804
2,line,52.23556640625,9.19532300597261
2,line,52.2477734375,9.18395155811611
2,line,52.262421875,9.17556717156819
2,line,52.2868359375,9.16446279986163
2,line,52.31466796875,9.16149057029424
2,line,52.344453125,9.15303602324068
2,line,52.371796875,9.14697253210329
2,line,52.38693359375,9.14680865975002
2,line,52.39962890625,9.14398481343034
2,line,52.41134765625,9.14930660496395
2,line,52.426484375,9.14896357845768
2,line,52.43869140625,9.14861757036994
2,line,52.453828125,9.1484341716351
2,line,52.46603515625,9.15348363340504
2,line,52.4782421875,9.15603677277062
2,line,52.49337890625,9.15823915563496
2,line,52.5055859375,9.16078089857828
2,line,52.51779296875,9.16839843471333
2,line,52.53,9.17360655788318
2,line,52.54220703125,9.17890135366503
2,line,52.55392578125,9.18695049021526
2,line,52.56662109375,9.19506668203258
2,line,52.5817578125,9.20026654133629
2,line,52.5934765625,9.19997212658995
2,line,52.6208203125,9.20476545522862
2,line,52.64865234375,9.20655648235502
2,line,52.6755078125,9.21192871052949
2,line,52.7028515625,9.21706837634613
2,line,52.71505859375,9.21394878932757
2,line,52.727265625,9.21663294457156
2,line,52.74240234375,9.2108189673809
2,line,52.754609375,9.21075631808291
2,line,52.76681640625,9.20501176774152
2,line,52.781953125,9.20172378992425
2,line,52.79416015625,9.19861835336746
2,line,52.8063671875,9.19828199411756
2,line,52.81857421875,9.19794316378918
2,line,52.83078125,9.20063883009671
2,line,52.84298828125,9.20597930063746
2,line,52.8551953125,9.21131844542657
2,line,52.86740234375,9.21910972070046
2,line,52.87912109375,9.22415733321085
2,line,52.891328125,9.23184558344035
2,line,52.90353515625,9.24555101669517
2,line,52.9157421875,9.25618019950329
2,line,52.9430859375,9.29621855077245
2,line,52.97091796875,9.35346119763537
2,line,52.9977734375,9.41891627006555
2,line,53.0221875,9.47867989552877
2,line,53.03732421875,9.51640833643372
2,line,53.05001953125,9.54331382795397
2,line,53.06173828125,9.57245077015807
2,line,53.076875,9.60938092897341
2,line,53.08908203125,9.64129896324629
2,line,53.1012890625,9.67909114005934
2,line,53.11642578125,9.72473375191932
2,line,53.1286328125,9.76535279137463
2,line,53.14376953125,9.81669802189671
2,line,53.1559765625,9.85479919181744
2,line,53.16818359375,9.89244158593692
2,line,53.1833203125,9.94126798623094
2,line,53.19552734375,9.97340621393599
2,line,53.207734375,10.0116157979929
2,line,53.21994140625,10.0468448803024
2,line,53.2321484375,10.0791887988384
2,line,53.2438671875,10.1093058341171
2,line,53.27169921875,10.1718743988063
2,line,53.295625,10.2125166516687
2,line,53.32296875,10.2419867170989
2,line,53.3473828125,10.2600195490045
2,line,53.35958984375,10.2650839366294
2,line,53.371796875,10.2729438547274
2,line,53.38400390625,10.2754201732721
2,line,53.3962109375,10.2803999457665
2,line,53.40841796875,10.2829605334116
2,line,53.42013671875,10.2827225080035
2,line,53.4352734375,10.2798483320853
2,line,53.44748046875,10.2767859017656
2,line,53.46310546875,10.2681036990325
2,line,53.47775390625,10.2618026495642
2,line,53.49044921875,10.2561561141017
2,line,53.50216796875,10.2564561913765
2,line,53.5173046875,10.2598009368595
2,line,53.52951171875,10.2547436795826
2,line,53.54513671875,10.2474814181577
2,line,53.55978515625,10.2400375380129
2,line,53.57248046875,10.2324848999297
2,line,53.5993359375,10.2039570760302
2,line,53.62375,10.1751228598589
2,line,53.65109375,10.143631012593
2,line,53.6784375,10.1040203503692
2,line,53.69064453125,10.0828492905889
2,line,53.70578125,10.0590898673161
2,line,53.72091796875,10.0298284187009
2,line,53.73361328125,10.0084836690525
2,line,53.74826171875,9.98203343968122
2,line,53.76046875,9.95788380461746
2,line,53.77267578125,9.93402479314777
2,line,53.7878125,9.90477781937196
2,line,53.80294921875,9.87524747655806
2,line,53.81564453125,9.8513959836525
2,line,53.83029296875,9.82737426630662
2,line,53.8454296875,9.80083096050511
2,line,53.858125,9.77979617692909
2,line,53.8727734375,9.75578325619938
2,line,53.88791015625,9.73755743045554
2,line,53.90060546875,9.72186256080202
2,line,53.91232421875,9.70874456934008
2,line,53.93966796875,9.68291089081009
2,line,53.96701171875,9.66804686793392
2,line,53.99142578125,9.66394471013502
2,line,54.0153515625,9.66249957728436
2,line,54.028046875,9.66589579466944
2,line,54.039765625,9.6719460088466
2,line,54.05197265625,9.67799897286503
2,line,54.0641796875,9.6926827065886
2,line,54.07931640625,9.7098561901047
2,line,54.0915234375,9.71859346208799
2,line,54.10373046875,9.73833146941135
2,line,54.1188671875,9.76101294571206
2,line,54.13107421875,9.78092399914239
2,line,54.14328125,9.80349497292269
2,line,54.15841796875,9.82885979149604
2,line,54.170625,9.85114928485339
2,line,54.18283203125,9.87640093774926
2,line,54.1950390625,9.89632418831725
2,line,54.20724609375,9.92129069704989
2,line,54.21896484375,9.94405016053487
2,line,54.23166015625,9.96618725175501
2,line,54.2555859375,10.0112569711458
2,line,54.28,10.048292932677
2,line,54.30734375,10.0879498773332
2,line,54.3346875,10.1193265065764
2,line,54.34689453125,10.1310522882377
2,line,54.36203125,10.1427819377902
2,line,54.37423828125,10.1517278570433
2,line,54.3864453125,10.1576567996168
2,line,54.39865234375,10.1639443956477
2,line,54.410859375,10.1672148417964
2,line,54.42306640625,10.1652787636405
2,line,54.4352734375,10.1684313351862
2,line,54.4469921875,10.1692236848462
2,line,54.45919921875,10.1672927810761
2,line,54.47189453125,10.1652422203191
2,line,54.48654296875,10.160484316952
2,line,54.49875,10.1587335986125
2,line,54.51095703125,10.1538598004814
2,line,54.52609375,10.1464348864784
2,line,54.53830078125,10.1415416319891
2,line,54.5505078125,10.136971151516
2,line,54.5778515625,10.1271364173498
2,line,54.602265625,10.1203304144068
2,line,54.6266796875,10.1162607203829
2,line,54.6540234375,10.1147916008938
2,line,54.66623046875,10.1127609413022
2,line,54.6784375,10.1159381436932
2,line,54.69015625,10.1165532918836
2,line,54.70236328125,10.1170896139306
2,line,54.7145703125,10.1232082155043
2,line,54.72970703125,10.1265127844417
2,line,54.7419140625,10.1325085947651
2,line,54.75412109375,10.135987799344
2,line,54.766328125,10.1420345724401
2,line,54.77853515625,10.1478589716558
2,line,54.7907421875,10.1539801077089
2,line,54.80294921875,10.1571666911406
2,line,54.81466796875,10.1632884433099
2,line,54.826875,10.1691129785148
2,line,54.83908203125,10.1725990148752
2,line,54.85421875,10.1788454695736
2,line,54.86642578125,10.1794655791343
2,line,54.89669921875,10.1865195031455
2,line,54.92111328125,10.1822017799068
2,line,54.94845703125,10.1753363412469
2,line,54.97873046875,10.1664490358491
2,line,54.99142578125,10.1615746742233
2,line,55.00314453125,10.1570747578603
2,line,55.01828125,10.1497021675659
2,line,55.03048828125,10.1420338982574
2,line,55.045625,10.1349184444076
2,line,55.06076171875,10.1273819226364
2,line,55.07345703125,10.11989167706
2,line,55.08810546875,10.1155357191377
2,line,55.1032421875,10.1107964669106
2,line,55.1159375,10.1088111631325
2,line,55.12765625,10.1037758725125
2,line,55.14279296875,10.1017499464642
2,line,55.15548828125,10.1000653079503
2,line,55.17013671875,10.0980427814032
2,line,55.1852734375,10.0934068458905
2,line,55.19796875,10.0940449397014
2,line,55.2096875,10.092069116148
2,line,55.23751953125,10.0851934851832
2,line,55.2673046875,10.0810599870713
2,line,55.2946484375,10.0737815252962
2,line,55.32248046875,10.0612988043783
2,line,55.33419921875,10.0561425727389
2,line,55.3493359375,10.0488040147004
2,line,55.36203125,10.0412202638698
2,line,55.3766796875,10.0251970600371
2,line,55.39181640625,10.0123638868152
2,line,55.40451171875,10.0021750283941
2,line,55.41623046875,9.9886303324071
2,line,55.4313671875,9.97047013636755
2,line,55.4440625,9.95722072554706
2,line,55.4587109375,9.93877091682902
2,line,55.47384765625,9.92305105005131
2,line,55.48654296875,9.91026559710058
2,line,55.5016796875,9.89165729442285
2,line,55.5133984375,9.87887484852387
2,line,55.52609375,9.86563817594812
2,line,55.5407421875,9.84732951581782
2,line,55.55294921875,9.83455152745565
2,line,55.58029296875,9.80912825032538
2,line,55.60470703125,9.78846816404604
2,line,55.62912109375,9.77116883943817
2,line,55.65353515625,9.75326761554137
2,line,55.66525390625,9.74583981707721
2,line,55.6774609375,9.73292085513012
2,line,55.68966796875,9.72549615666835
2,line,55.7048046875,9.71271183751383
2,line,55.71701171875,9.69689146928289
2,line,55.72921875,9.68397919077583
2,line,55.74142578125,9.6655771862838
2,line,55.7536328125,9.6471775027496
2,line,55.76583984375,9.6257153421737
2,line,55.778046875,9.59920791399303
2,line,55.7926953125,9.56705661870067
2,line,55.805390625,9.53506240549143
2,line,55.817109375,9.50278492033715
2,line,55.83224609375,9.45750336929852
2,line,55.84494140625,9.41974519932415
2,line,55.85958984375,9.37447417882916
2,line,55.8747265625,9.32601548327979
2,line,55.899140625,9.25108981937855
2,line,55.92697265625,9.17358947298078
2,line,55.9567578125,9.10414656451997
